0.77395605,0.43887844,0.85859792,0.69736803,0.09417735,0.97562235,0.76113970,0.78606431,0.12811363,0.45038594
0.37079802,0.92676499,0.64386512,0.82276161,0.44341420,0.22723872,0.55458479,0.06381726,0.82763117,0.63166440
0.75808774,0.35452597,0.97069802,0.89312112,0.77838350,0.19463871,0.46672100,0.04380377,0.15428949,0.68304895
0.74476216,0.96750973,0.32582536,0.37045971,0.46955581,0.18947136,0.12992151,0.47570493,0.22690935,0.66981399
0.43715192,0.83267820,0.70026510,0.31236664,0.83225980,0.80476436,0.38747838,0.28832810,0.68249550,0.13975248
0.19990820,0.00736227,0.78692438,0.66485086,0.70516538,0.78072903,0.45891578,0.56874120,0.13979700,0.11453007
0.66840296,0.47109621,0.56523611,0.76499886,0.63471832,0.55357940,0.55920716,0.30395010,0.03081783,0.43671739
0.21458467,0.40852864,0.85340307,0.23393949,0.05830274,0.28138389,0.29359376,0.66191651,0.55703215,0.78389821
0.66431354,0.40638686,0.81402038,0.16697292,0.02271207,0.09004786,0.72235935,0.46187723,0.16127178,0.50104478
0.15231210,0.69632038,0.44615628,0.38102123,0.30151209,0.63028259,0.36181261,0.08764992,0.11800590,0.96189766
0.90858069,0.69970713,0.26586996,0.96917638,0.77875090,0.71689019,0.44936150,0.27224156,0.09639096,0.90260240
0.45577629,0.20236336,0.30595662,0.57921957,0.17677278,0.85661428,0.75851953,0.71946296,0.43209304,0.62730884
0.58409797,0.64984660,0.08444432,0.41580740,0.04161417,0.49399082,0.32986121,0.14452419,0.10340297,0.58764457
0.17059297,0.92512012,0.58106114,0.34686980,0.59091549,0.02280387,0.95855921,0.48230344,0.78273523,0.08273000
0.48665833,0.49070699,0.93782645,0.57172805,0.47348940,0.26697566,0.33156900,0.52067240,0.43891146,0.02161208
0.82629192,0.89616077,0.14024909,0.55403614,0.10857574,0.67224009,0.28123378,0.65942263,0.72699461,0.76864749
0.10774095,0.91601185,0.23021399,0.03741256,0.55485247,0.37092228,0.82978974,0.80825147,0.31713889,0.95289940
0.29091784,0.51505713,0.25596509,0.93604357,0.16460782,0.04491062,0.43509706,0.99237556,0.89167727,0.74860802
0.89079249,0.89344664,0.51885836,0.31592905,0.77201243,0.66166126,0.37365773,0.09446667,0.74678961,0.26246052
0.93681315,0.24097058,0.12275793,0.83111267,0.15328432,0.17926831,0.59938279,0.87456204,0.19643467,0.31032367
0.77740484,0.97182643,0.50074119,0.14389750,0.01393629,0.22965603,0.13182222,0.67765867,0.12183250,0.50632993
0.69426244,0.58111661,0.19977565,0.80412453,0.71540713,0.73898400,0.13105775,0.12375380,0.92756255,0.39757819
0.30094869,0.48858405,0.66286421,0.95562326,0.28644623,0.92480843,0.02485949,0.55519804,0.63397511,0.10589740
0.14033960,0.41911432,0.96623191,0.59604255,0.93302322,0.80436092,0.46738160,0.78476345,0.01783678,0.10914400
0.82942861,0.79681709,0.23264074,0.53076959,0.60601582,0.86773895,0.60310716,0.41257157,0.37418404,0.42588209
0.65193103,0.86749063,0.45389688,0.24783956,0.23666236,0.74601428,0.81656876,0.10527808,0.06655886,0.59443366
0.14617324,0.82466419,0.31033467,0.14387193,0.92097047,0.16553172,0.28472008,0.15361340,0.11549006,0.02114802
0.05539541,0.17464147,0.05338193,0.59114382,0.68071453,0.39363046,0.31799110,0.50452624,0.87500494,0.85113163
0.04347506,0.18149841,0.23674487,0.24938758,0.57123265,0.41626243,0.04925412,0.37361414,0.52375295,0.10167190
0.83345855,0.05196187,0.92484187,0.09911314,0.84357495,0.90265314,0.97957068,0.80202588,0.77947754,0.64248328
0.77899635,0.13455221,0.53606804,0.51422287,0.85757214,0.46279937,0.38508950,0.63956327,0.26646332,0.13976841
0.47787727,0.41688937,0.23256994,0.36751181,0.36639245,0.32749556,0.37946408,0.68574335,0.29687647,0.94885793
0.91634802,0.48091043,0.32836121,0.53543479,0.84856049,0.65258734,0.80439183,0.53272228,0.63291763,0.28815561
0.73489316,0.20240459,0.69479813,0.86071907,0.13210284,0.61437974,0.09509575,0.72571563,0.08449322,0.93593982
0.13740793,0.95888025,0.80088418,0.59368200,0.78262410,0.79511484,0.94602706,0.25338335,0.59007590,0.09504920
0.61616570,0.17129130,0.56495061,0.57243051,0.46598515,0.52263178,0.76392339,0.79924472,0.49215322,0.59959344
0.93123624,0.11973359,0.11710357,0.08770901,0.65786329,0.41860830,0.77432142,0.67123141,0.33363776,0.89836655
0.76253215,0.27053494,0.36419202,0.31443998,0.15761165,0.14778337,0.93612746,0.43790404,0.38331982,0.72968571
0.55299307,0.93613999,0.78030149,0.47936956,0.37635947,0.98663154,0.71776024,0.95119466,0.11847858,0.85053368
0.63707388,0.12192168,0.58825800,0.68609637,0.01230269,0.45431796,0.82539951,0.29535903,0.45854808,0.44231413
0.30192739,0.91844190,0.78129404,0.11058841,0.99703466,0.87920002,0.28390844,0.83689658,0.10641953,0.99910473
0.66568474,0.65012502,0.09044073,0.89703340,0.02899950,0.24082806,0.14302188,0.77676794,0.19820423,0.91063823
0.65626904,0.03616271,0.00542983,0.05165792,0.60592518,0.80148181,0.23855282,0.84940884,0.05723194,0.80096385
0.92779543,0.77210840,0.69812078,0.83798022,0.04015130,0.20178211,0.12492368,0.50453099,0.74518813,0.63001184
0.85113110,0.15521299,0.73462109,0.19304149,0.27075875,0.70990470,0.98020478,0.61154361,0.05450031,0.61630897
0.04235055,0.88414571,0.70957829,0.17312785,0.09172101,0.18353323,0.98002718,0.45856064,0.78408095,0.63640834
0.57241315,0.14513025,0.94602445,0.30134263,0.57801722,0.69977594,0.64923316,0.94059441,0.14843899,0.50835274
0.40403439,0.47416873,0.11921753,0.13409461,0.27807555,0.30470460,0.42790321,0.61098755,0.63462912,0.41181090
0.40878311,0.21762853,0.58830625,0.31704091,0.03605983,0.41840004,0.47413268,0.22559287,0.57245793,0.56577190
0.70200218,0.64794848,0.65243306,0.31621415,0.78743222,0.54914438,0.43141820,0.62601248,0.36065733,0.51273924
0.73670569,0.88640289,0.92105720,0.50363293,0.52027511,0.79987041,0.31445069,0.83738236,0.49414165,0.11585672
0.07205915,0.84199321,0.05556792,0.28061144,0.33413004,0.17299445,0.31389337,0.74269257,0.01468284,0.82717342
0.85654802,0.37226157,0.15361290,0.60084041,0.11967256,0.36491936,0.95842918,0.99546447,0.77210489,0.31096151
0.68766505,0.70540637,0.38784170,0.64088863,0.01072764,0.20905766,0.52508830,0.16375130,0.16590687,0.83630429
0.98913300,0.55596943,0.83906973,0.99032166,0.14159589,0.44824561,0.39257272,0.08004928,0.75533017,0.43377903
0.46932693,0.15067297,0.18092665,0.90710362,0.04464909,0.23285228,0.29205933,0.49019754,0.58644517,0.49328998
0.08411533,0.24366745,0.84358838,0.63758870,0.64914905,0.67020326,0.76290302,0.05810848,0.36660838,0.53952744
0.33845648,0.84447887,0.48257251,0.76862759,0.85201552,0.50479148,0.90955224,0.58712394,0.85027430,0.34059080
0.49881696,0.53141104,0.10497972,0.39855251,0.91733767,0.63083224,0.17750658,0.33885564,0.19160301,0.02482313
0.92746046,0.44820733,0.30753507,0.59847719,0.00731446,0.27802211,0.70303347,0.63376977,0.98180595,0.62035771
0.47750587,0.76143256,0.90332787,0.72069595,0.96321122,0.78200517,0.86680144,0.11410407,0.73241350,0.44008870
0.55310380,0.65410241,0.96981512,0.98457808,0.28822825,0.73375350,0.74998354,0.34649286,0.12386977,0.04094696
0.77734313,0.48969974,0.98554017,0.46497346,0.97791698,0.41157600,0.79368215,0.08481927,0.55546171,0.80205979
0.92470167,0.82258309,0.03697073,0.37270234,0.04869847,0.10928229,0.67530563,0.71325820,0.77372068,0.86545655
0.73943147,0.80087159,0.04896371,0.23453515,0.62189777,0.85812530,0.00450012,0.51462934,0.67728740,0.02960729
0.40135556,0.89563488,0.67161281,0.23765836,0.85278113,0.34803142,0.85334467,0.29894365,0.59032025,0.39694007
0.27482505,0.88655756,0.18759368,0.08481159,0.34192694,0.71763915,0.80743161,0.99874337,0.29636206,0.40794195
0.13682128,0.57487193,0.99758004,0.70088101,0.59521284,0.39236909,0.91529876,0.49691660,0.13436691,0.36537846
0.06716667,0.20197904,0.01766878,0.45327992,0.63454026,0.34329246,0.42038177,0.95920927,0.75196312,0.54085664
0.28454088,0.89699680,0.23509712,0.32534273,0.90906481,0.52954206,0.74231795,0.59074479,0.65343921,0.29938329
0.24137206,0.32249235,0.15544156,0.87431437,0.28324693,0.56148939,0.79197443,0.78382411,0.43838626,0.47625731
0.99470175,0.67459748,0.81463844,0.90255397,0.78758984,0.18517934,0.56217073,0.10189416,0.65292213,0.95534943
0.51273206,0.43297249,0.03584275,0.95977452,0.10300268,0.04107909,0.24606661,0.06553043,0.45511784,0.51608780
0.31256995,0.05096048,0.11160037,0.38450438,0.06052845,0.69818973,0.20702054,0.30207157,0.39412578,0.41660963
0.00166071,0.11207037,0.86276456,0.00123306,0.50816736,0.48950201,0.33309416,0.43132702,0.78058114,0.84120371
0.26034854,0.32249044,0.24248285,0.47986340,0.68325836,0.22825288,0.33073574,0.93038462,0.04856929,0.46076961
0.71155804,0.15045401,0.04737402,0.13820537,0.91882319,0.00925978,0.18832197,0.03128351,0.11062947,0.62014929
0.24163891,0.56921205,0.59019538,0.84943533,0.00474139,0.85336946,0.61911909,0.16274349,0.77293739,0.85549154
0.25426348,0.91879368,0.45445743,0.60342445,0.98464953,0.36153608,0.81315935,0.31839912,0.79921352,0.60073392
0.21635570,0.41402609,0.31763563,0.07810839,0.02983477,0.34647866,0.01903415,0.16548776,0.72518332,0.70809124
0.73858039,0.31715317,0.89001946,0.59383055,0.12602634,0.14371866,0.69309543,0.17294394,0.50729270,0.99177448
0.00400760,0.01657980,0.99308458,0.58463883,0.12690998,0.89730220,0.88038030,0.53620041,0.62179203,0.27318719
0.05051970,0.59456761,0.29475519,0.66362105,0.83624518,0.01816054,0.59571377,0.23128054,0.87388850,0.25366451
0.61077013,0.55354084,0.39616650,0.67762076,0.72576963,0.56693780,0.75842224,0.98341708,0.41927239,0.51458305
0.01246988,0.79602856,0.52023007,0.40796143,0.09407196,0.88965642,0.39500724,0.68258160,0.14937416,0.96154963
0.17844176,0.19954199,0.85898286,0.91258274,0.21214741,0.46980089,0.73349490,0.87836573,0.37905270,0.51701949
0.74171641,0.73113598,0.78296013,0.56993382,0.10461510,0.90397329,0.86557254,0.79809744,0.09986248,0.20439737
0.74360037,0.02314009,0.97922463,0.37714468,0.71931253,0.88757109,0.39462989,0.31913249,0.60874113,0.58098937
0.40913998,0.60177476,0.93538137,0.46764026,0.19674218,0.37720598,0.39410698,0.13110869,0.16287150,0.68456207
0.33947775,0.95489839,0.24359675,0.09892451,0.75350456,0.88103605,0.27811336,0.20208810,0.18576613,0.52201230
0.46841664,0.25943984,0.04517312,0.48149134,0.95933235,0.65251920,0.49550656,0.11069207,0.25243629,0.29477395
0.76480355,0.87671080,0.90164185,0.98456861,0.98236668,0.95299913,0.07182214,0.13779354,0.30446653,0.55289825
0.09697789,0.84579696,0.61675618,0.54236440,0.16531132,0.25325547,0.16031202,0.85193316,0.58422786,0.73512943
0.29603286,0.37125264,0.40485496,0.76001497,0.77235299,0.20681353,0.94153886,0.12065534,0.89612208,0.10039565
0.26453981,0.84647854,0.17949207,0.41356793,0.44985930,0.24525897,0.71024520,0.85133465,0.87457514,0.33932215
0.53085039,0.24840640,0.24479650,0.16125406,0.94001901,0.88798883,0.77735871,0.51766152,0.49060792,0.52974567
0.53656801,0.43456308,0.13175483,0.12566385,0.95224972,0.48203076,0.95320552,0.16357688,0.55441655,0.20771725
0.25318461,0.03005458,0.11895331,0.91684841,0.32153299,0.60812921,0.46501413,0.40045125,0.53188609,0.18723894
0.98860390,0.81830787,0.74161463,0.46875930,0.15287712,0.92066586,0.34138707,0.05010669,0.34240368,0.79445703
0.62270874,0.75083858,0.79363538,0.21195461,0.92378332,0.43798960,0.63901365,0.00230877,0.99336850,0.28089639
0.06206311,0.45826204,0.12903006,0.15232671,0.63228281,0.39292739,0.92185245,0.31915649,0.72618013,0.46109943
0.65995130,0.59969536,0.47278397,0.95006109,0.34271364,0.17723550,0.67809406,0.84600756,0.04025374,0.44963269
0.89248769,0.74961862,0.99180772,0.53141381,0.65999572,0.30248028,0.94753560,0.36633549,0.73851071,0.40314020
0.56181893,0.71978254,0.50893415,0.90708633,0.41930099,0.64707180,0.34236243,0.40815667,0.44005011,0.12580702
0.09172368,0.66748992,0.65551774,0.66290971,0.01976645,0.32654684,0.19780985,0.77815142,0.86063040,0.24668038
0.66784916,0.12936280,0.27515253,0.13865450,0.28352077,0.67473655,0.91032691,0.20252241,0.54207903,0.70139110
0.95292247,0.61006048,0.25510693,0.62547816,0.32049116,0.97612839,0.39967614,0.68542772,0.02322758,0.40006145
0.87510761,0.61022744,0.44394289,0.93593750,0.85398438,0.32221567,0.54454840,0.48982426,0.63220250,0.33411127
0.24420500,0.91267184,0.92387450,0.84332289,0.97820443,0.74499153,0.76466723,0.76259009,0.48060763,0.45645219
0.24022628,0.64481919,0.28932014,0.25780841,0.58596137,0.40998239,0.21885661,0.81605602,0.86056992,0.16769952
0.00750703,0.33612997,0.79751084,0.83917387,0.13832907,0.77433590,0.11570417,0.39006259,0.99860952,0.19259082
0.15396358,0.42280033,0.61966853,0.93290078,0.98082115,0.06964064,0.13799752,0.79073797,0.27063215,0.88484906
0.66345326,0.11184480,0.83252928,0.17635638,0.42349539,0.55218493,0.50076615,0.68616292,0.65268673,0.99204201
0.99942191,0.51645940,0.09519909,0.72784330,0.97666408,0.31832639,0.46120889,0.42477692,0.05141915,0.67226443
0.35333770,0.78746387,0.83212008,0.82123079,0.41666600,0.32154568,0.74882078,0.80138943,0.49125745,0.89303102
0.14390870,0.87906878,0.09609523,0.15352552,0.53384001,0.06751848,0.05280710,0.00051874,0.43631666,0.77462388
0.03483835,0.65225761,0.82312732,0.16800085,0.14686373,0.86080097,0.82312461,0.53894177,0.81919988,0.09275608
0.39448152,0.73779756,0.25745196,0.75232891,0.50417860,0.75026599,0.46467964,0.36790434,0.21918922,0.20837934
0.75149081,0.11891035,0.08598235,0.17629137,0.17534651,0.82310762,0.39850662,0.99038846,0.13721126,0.65353983
0.44872951,0.39291818,0.87508420,0.97559565,0.87285896,0.19230068,0.22079792,0.65607388,0.28908358,0.73472513
0.56642065,0.55090877,0.82854692,0.71053277,0.02657776,0.04945914,0.60155845,0.48619208,0.26018466,0.41865609
0.75791032,0.82661148,0.56122307,0.38536948,0.27069676,0.52191847,0.31474962,0.56409514,0.67665238,0.06607921
0.00106747,0.21227714,0.89451150,0.64629076,0.17196035,0.89026396,0.46995594,0.47609176,0.93554194,0.05948669
0.21517827,0.58577133,0.19548651,0.67952701,0.21409229,0.09915697,0.20698516,0.42273403,0.17613830,0.13469202
0.86028189,0.32039720,0.36075869,0.05527041,0.35736962,0.26480718,0.61048507,0.20539030,0.88836545,0.92966662
0.09983106,0.10740296,0.11532644,0.61956926,0.12196896,0.85238232,0.75427151,0.81980886,0.52606053,0.99667721
0.04417510,0.40126496,0.32393667,0.94864550,0.57686096,0.80619097,0.17034119,0.97863414,0.49863955,0.49367208
0.97088473,0.38073236,0.39752502,0.58475270,0.12805261,0.32108563,0.19320832,0.10328348,0.86614461,0.58933117
0.35867279,0.40866938,0.43151900,0.63314918,0.92676939,0.93277962,0.39149198,0.32926246,0.45104650,0.56793423
0.46181791,0.65875341,0.55439902,0.32071555,0.34573081,0.37859279,0.09463977,0.16606263,0.72311380,0.38909671
0.21453897,0.56267241,0.75553954,0.25742236,0.82678988,0.92750486,0.59739453,0.66894766,0.05257599,0.94551989
0.39248473,0.92390040,0.57897752,0.00461880,0.03854200,0.68041881,0.56266801,0.02653244,0.74345996,0.85214534
0.49641748,0.46575744,0.00547311,0.78664971,0.33071607,0.87876362,0.37306059,0.56507791,0.27034179,0.16058831
0.77490790,0.49659048,0.53648792,0.96541595,0.96357991,0.85564212,0.18760929,0.59427269,0.87814742,0.37446394
0.10110617,0.81096290,0.48176355,0.56439268,0.98214430,0.60721143,0.42497939,0.36998437,0.41761929,0.11839908
0.79475056,0.83771686,0.28439713,0.30379662,0.87433426,0.02397036,0.52045744,0.46367571,0.69012677,0.16339170
0.66833074,0.37673401,0.61871478,0.04009501,0.46172720,0.52225089,0.21432640,0.13962365,0.18847430,0.34414108
0.09681015,0.94731980,0.40499406,0.80896960,0.97441712,0.08073528,0.65166947,0.87140909,0.63423443,0.42902612
0.43107636,0.03589889,0.53460075,0.99354300,0.95870753,0.04039923,0.70579700,0.30176487,0.90298915,0.04511475
0.93587410,0.83747574,0.11750438,0.05982434,0.83470766,0.15575767,0.53489815,0.91574486,0.56744811,0.39723330
0.44501605,0.06311717,0.96875232,0.31065419,0.18936349,0.28604730,0.96437319,0.09428605,0.86730304,0.70784389
0.83001918,0.97589754,0.84215466,0.94338235,0.12693526,0.79578857,0.54567569,0.54349560,0.89892158,0.97180382
0.70483832,0.48293839,0.45640386,0.38634146,0.36159903,0.39150684,0.08975324,0.07743609,0.77986984,0.44607289
0.93068449,0.61222101,0.03517598,0.15752334,0.20581979,0.97573602,0.21870423,0.51575568,0.93617693,0.97719273
0.23636044,0.04911764,0.15360183,0.06332848,0.19512424,0.56856971,0.91244880,0.53721888,0.62598956,0.20186725
0.80058362,0.61778891,0.86413683,0.94884311,0.34790078,0.09057906,0.22592896,0.43784157,0.94569365,0.37830982
0.77077321,0.54047669,0.18280877,0.32073412,0.65319189,0.67285339,0.43475975,0.22864560,0.72190678,0.16887304
0.93666969,0.18790358,0.10731236,0.49764770,0.51954960,0.50819291,0.43666749,0.99481489,0.48628061,0.47794658
0.42176606,0.06682575,0.59295663,0.22796777,0.63760898,0.05083346,0.98138710,0.46900508,0.89675537,0.47556117
0.06033082,0.82221355,0.64818373,0.78175705,0.42816986,0.63793674,0.85622900,0.63106544,0.34767363,0.66252959
0.67185419,0.96058696,0.37091232,0.42508177,0.81212296,0.50576231,0.73657309,0.45970946,0.21549514,0.74520384
0.13115517,0.19858366,0.62682498,0.74726980,0.89468789,0.27258650,0.11072426,0.95604666,0.15442309,0.19766698
0.29132945,0.52939135,0.88282557,0.76054602,0.70815755,0.17518057,0.35768263,0.47840493,0.14742595,0.27342970
0.30833320,0.12727620,0.55023969,0.70502820,0.06993163,0.48112310,0.78221120,0.74799013,0.81507310,0.44824063
0.82055708,0.24075307,0.36081056,0.17635558,0.46748454,0.39206002,0.24092712,0.75178071,0.31384677,0.27280433
0.13089033,0.43882170,0.30296463,0.36927284,0.23599726,0.76315549,0.93000335,0.49793185,0.64299842,0.86717228
0.99882964,0.61351648,0.88977947,0.90860825,0.79145149,0.46093139,0.08115400,0.01580556,0.47720063,0.49431453
0.40736239,0.56816735,0.55216270,0.83661304,0.10865710,0.22517767,0.79300498,0.84783687,0.99482421,0.87291202
0.88989901,0.31434794,0.40166163,0.26808510,0.60629940,0.93880535,0.34464089,0.55700178,0.29629963,0.16979997
0.19518553,0.05794534,0.94929352,0.40287961,0.83412089,0.68132947,0.19192116,0.17546225,0.81198820,0.26471171
0.91328518,0.14005540,0.67770861,0.81447388,0.23525639,0.27620736,0.96451889,0.26459761,0.42995705,0.43251559
0.25303475,0.77579109,0.77184934,0.37831801,0.83512579,0.21307493,0.00430578,0.57116736,0.99407777,0.03864431
0.20799807,0.51891464,0.80994074,0.08904201,0.39523465,0.74707580,0.37154321,0.18883642,0.19549583,0.41004879
0.47941707,0.86181442,0.64225242,0.69040195,0.98298717,0.41184344,0.40335440,0.92334697,0.24587559,0.72981525
0.75457314,0.09778800,0.46823141,0.20056247,0.18537527,0.46382811,0.28942971,0.79606045,0.90760489,0.80272061
0.26603087,0.27413439,0.25472835,0.13503810,0.94379837,0.40204780,0.22468947,0.84667105,0.39919530,0.03511681
0.16194157,0.63925034,0.78290527,0.21093439,0.91739559,0.85099712,0.84838075,0.22766115,0.05053599,0.86742354
0.30580023,0.61891638,0.75996688,0.12829326,0.78083835,0.93851146,0.72837497,0.44122275,0.87667814,0.52745763
0.74477093,0.82050594,0.74935286,0.28785488,0.11784390,0.23833853,0.50287494,0.50527692,0.58264435,0.39510184
0.78689138,0.91315375,0.24672505,0.73652322,0.67797185,0.52309050,0.18853023,0.79523226,0.96062629,0.72183633
0.91786000,0.98418526,0.35205067,0.63822355,0.47393274,0.98662875,0.09380782,0.41237491,0.87553904,0.28405131
0.78779285,0.38278316,0.97997854,0.88352984,0.30132036,0.77019311,0.33685654,0.60636284,0.65848077,0.82959541
0.02445084,0.22015789,0.71191781,0.56352324,0.49560508,0.05520996,0.34827588,0.86510023,0.03089284,0.39643624
0.94514829,0.05088073,0.74970575,0.25761262,0.86660883,0.74606798,0.88570517,0.21592479,0.53129275,0.77926994
0.24569974,0.23074631,0.02718213,0.95851529,0.71001688,0.63556035,0.74399472,0.53161292,0.47613382,0.44953224
0.64043921,0.20153498,0.88805870,0.81175237,0.34956361,0.57860930,0.14102730,0.97234625,0.90289269,0.92189751
0.33216305,0.16913471,0.21177216,0.09000139,0.12011063,0.07130453,0.98982307,0.07405768,0.13254208,0.82725460
0.58024022,0.77441720,0.63091201,0.88217507,0.63846753,0.52212509,0.71274969,0.44739275,0.34606382,0.46765245
0.16971411,0.79657173,0.26070378,0.15353155,0.24635224,0.84207015,0.33020130,0.68604987,0.85640963,0.07774467
0.76502441,0.30766547,0.21662236,0.68890145,0.90979662,0.29501921,0.56883381,0.28983411,0.55428559,0.62186203
0.61033539,0.62354637,0.13507979,0.69354047,0.67475036,0.68258812,0.07407055,0.44683884,0.40903513,0.08671148
0.22236793,0.44096263,0.74290631,0.23706208,0.82974991,0.54579829,0.76042169,0.47255598,0.49919423,0.61971939
0.92797061,0.49181258,0.52865754,0.60199696,0.73751514,0.07185034,0.51568744,0.48159159,0.92168498,0.49350658
0.46832053,0.96219999,0.45057646,0.18088443,0.21691612,0.09518754,0.00056813,0.43194566,0.76924258,0.73346644
0.03214909,0.56998290,0.15428313,0.94107628,0.16736500,0.62663922,0.32623836,0.64156133,0.41225860,0.75964305
0.23067913,0.90579185,0.50020965,0.75609315,0.84973019,0.99882861,0.22394567,0.28689241,0.25043309,0.26287133
0.58244474,0.99352252,0.99027809,0.52677323,0.63902721,0.85997054,0.93293346,0.20386063,0.52854173,0.83283705
0.30320208,0.43980904,0.98562110,0.98504670,0.90610681,0.79844834,0.26913050,0.32085007,0.54728284,0.56077737
0.50550282,0.63667028,0.40832302,0.74917416,0.33354993,0.33067700,0.12722596,0.18871221,0.85052088,0.44628234
0.22786779,0.75934110,0.55398113,0.02115601,0.31636146,0.17700141,0.65587286,0.27503104,0.06494678,0.05493499
0.58172730,0.02172346,0.84879211,0.15539712,0.60656634,0.44468803,0.44285152,0.07179714,0.80275225,0.89305248
0.01101667,0.17860418,0.90390419,0.54949361,0.15003958,0.20279045,0.65998624,0.72481682,0.59942681,0.95314838
0.49406360,0.30027191,0.47723291,0.35966629,0.22441589,0.04596325,0.35221249,0.71140935,0.01843780,0.43917851
0.64400940,0.61040411,0.77664844,0.81051972,0.71170582,0.10279770,0.47502244,0.60340596,0.24556604,0.04255182
0.22359032,0.45489440,0.41393032,0.17666698,0.82441554,0.92568667,0.20134832,0.92957292,0.01786096,0.92496247
0.95192879,0.01205186,0.76301930,0.97020157,0.90590222,0.97071016,0.55032351,0.07815614,0.84978920,0.61382826
0.61473674,0.41725361,0.57184198,0.15357978,0.73977003,0.07501731,0.72978077,0.84897842,0.47246868,0.50983037
0.31221427,0.96945858,0.73312447,0.36898855,0.17480739,0.21957959,0.46392229,0.94256840,0.73414635,0.21524375
0.85956113,0.37820052,0.85172218,0.24169960,0.61866061,0.92667049,0.25789401,0.69292659,0.98731262,0.15059829
0.08840229,0.67419519,0.33973595,0.07124448,0.47530562,0.75377068,0.28512240,0.33504688,0.84569940,0.52007191
0.84273197,0.44638949,0.95297516,0.65079459,0.11589887,0.88509299,0.48926519,0.14163897,0.15269013,0.68753394
0.04737251,0.28659376,0.13978759,0.44107743,0.41435377,0.52187643,0.27963633,0.03204359,0.61438611,0.37371800
0.65133500,0.10866697,0.01377736,0.24829425,0.45654732,0.39407197,0.81030256,0.37783764,0.53044118,0.59351559
0.02183139,0.51513338,0.34483126,0.42128013,0.10028740,0.78282057,0.94240425,0.02226882,0.60137276,0.76384407
0.28480759,0.78755558,0.63235505,0.92916263,0.98100481,0.04234611,0.44493776,0.54698779,0.14674323,0.33628583
0.98764745,0.01623046,0.45250793,0.84265462,0.32390126,0.47979850,0.97804575,0.47487684,0.13092131,0.05172149
0.94541657,0.26580941,0.50406391,0.09070177,0.42365512,0.93010552,0.50241299,0.97113515,0.25883564,0.50454524
0.85953079,0.44825235,0.27948737,0.85547536,0.38988947,0.53072329,0.97652707,0.18648329,0.30140064,0.03106960
0.39183771,0.20018343,0.68003494,0.18132146,0.67481275,0.26347543,0.35521783,0.34886065,0.71675175,0.46650926
0.36129890,0.85262272,0.57195063,0.21383082,0.90009128,0.34265030,0.03897938,0.49460022,0.12393805,0.23846644
0.74711087,0.13075181,0.80694422,0.93690729,0.60653210,0.71035919,0.71358661,0.99280796,0.34153826,0.16285655
0.51916723,0.53324981,0.17791249,0.61310942,0.01412473,0.92766840,0.26457428,0.03956021,0.10824944,0.24024895
0.27390617,0.03281000,0.27935481,0.19294174,0.37862093,0.38516774,0.33900774,0.32792388,0.08973128,0.02520495
0.20211430,0.75664943,0.99080977,0.92852618,0.50421936,0.53182386,0.31458157,0.77393944,0.76475669,0.84427236
0.89550458,0.43434925,0.76687557,0.80639873,0.30845962,0.92924224,0.09434150,0.99426918,0.77009072,0.09327091
0.65622965,0.03417941,0.77018695,0.79922292,0.60241025,0.85686039,0.09788328,0.27592384,0.41417752,0.04245795
0.44821609,0.26521346,0.39273501,0.42510263,0.87941173,0.27034097,0.89374313,0.42597096,0.32780772,0.50251205
0.41774329,0.25737231,0.50267932,0.15180173,0.35192994,0.56579022,0.41340824,0.82391236,0.25672176,0.96977158
0.78472202,0.96759303,0.83813655,0.14210393,0.52646009,0.16997852,0.81822735,0.58416215,0.26344931,0.92959897
0.11518605,0.56386240,0.72104055,0.05884854,0.59785603,0.81590122,0.06752731,0.51224297,0.25855718,0.66292445
0.11867737,0.93705143,0.89472858,0.18597442,0.32326588,0.58763497,0.71806234,0.44265602,0.15629132,0.10415149
0.99976534,0.45535212,0.87253175,0.48237600,0.92235764,0.08775938,0.11401919,0.92963219,0.94749305,0.31471745
0.35516489,0.45245023,0.41616168,0.19004522,0.89837538,0.25330760,0.70527241,0.06715568,0.03875133,0.65373047
0.33901586,0.65545939,0.09402120,0.94985138,0.74851447,0.87626723,0.13647055,0.32016097,0.36834416,0.53717265
0.29686849,0.06063074,0.36887838,0.25454931,0.38592129,0.19695954,0.26189637,0.62695234,0.38815383,0.34538339
0.53390563,0.77186054,0.37886796,0.58751949,0.96620263,0.52198011,0.90979758,0.79367262,0.05871868,0.42909887
0.69831841,0.98671191,0.45837629,0.09278545,0.56200917,0.12656379,0.75151956,0.50767700,0.72343137,0.86936183
0.62894802,0.61243933,0.75457030,0.84245500,0.86905379,0.03643020,0.55619030,0.21626931,0.86034589,0.64839769
0.42022248,0.18810423,0.33902363,0.70377769,0.20435955,0.09358295,0.88802876,0.76421035,0.19979493,0.29231154
0.97207018,0.70818449,0.61052200,0.30762849,0.29912514,0.03952362,0.72848187,0.04317523,0.00485734,0.72949509
0.94887376,0.75650305,0.47164019,0.48604525,0.43613642,0.32464367,0.52171421,0.43115096,0.59816788,0.89812008
0.99500942,0.07874329,0.38468347,0.18070620,0.35212047,0.28747302,0.17453713,0.76407605,0.49628874,0.91924558
0.03259244,0.06697801,0.40327358,0.08027732,0.26272960,0.98602974,0.20895961,0.19811774,0.57364067,0.49799829
0.58043830,0.37673528,0.82676236,0.13858055,0.42839265,0.68976185,0.86823644,0.36957161,0.56774560,0.06913995
0.17031909,0.06913816,0.72788089,0.28805997,0.72374529,0.06639828,0.86254780,0.83553020,0.08892874,0.02375651
0.05628881,0.85363017,0.23470349,0.54827332,0.42624420,0.79552553,0.48889830,0.50066084,0.98909194,0.15012956
0.83070394,0.05174975,0.47764877,0.88633482,0.66521397,0.68521462,0.26331728,0.41857479,0.36658106,0.52144321
0.46222793,0.32689835,0.30548061,0.25085289,0.36504725,0.14994148,0.87210430,0.60211939,0.13378643,0.69385933
0.84766647,0.23753567,0.15060059,0.00861726,0.04725034,0.76225135,0.98718633,0.04488032,0.74807096,0.07186217
0.59213282,0.75607528,0.35920440,0.01093472,0.59518935,0.99124463,0.25761742,0.18949128,0.12392589,0.55525562
0.59644510,0.79227084,0.75307327,0.89254149,0.80577270,0.24726708,0.55587740,0.29741196,0.32978538,0.93194437
0.68189591,0.97459041,0.41691254,0.53743757,0.48711542,0.10728706,0.23670199,0.52763636,0.06737431,0.93146193
0.12384368,0.19798075,0.76532122,0.09693454,0.90027810,0.72570097,0.06862086,0.69184706,0.63162854,0.75734943
0.82819785,0.71835056,0.58617630,0.32246332,0.69727366,0.95697158,0.58752178,0.66434487,0.43712804,0.75612081
0.99766739,0.16038932,0.20240528,0.53943776,0.48137540,0.57156978,0.04907405,0.40427646,0.58297826,0.58519135
0.65733396,0.72021603,0.64154720,0.79024316,0.62476063,0.53750766,0.60619643,0.10119337,0.27315654,0.52739978
0.87298722,0.67905156,0.09040808,0.59227495,0.22173799,0.73401656,0.82744085,0.59345627,0.59136261,0.33859144
0.44625002,0.86410835,0.72332033,0.51975366,0.36823239,0.05037974,0.14300740,0.19302519,0.37338354,0.94414365
0.50515339,0.23484016,0.10575014,0.33830552,0.81573064,0.38334279,0.77250581,0.80270498,0.11082077,0.60865975
0.95909606,0.40213807,0.05094409,0.92330269,0.88366628,0.52214145,0.55225312,0.21174110,0.81945076,0.49860004
0.03387780,0.68301496,0.95049627,0.82915049,0.27719814,0.05332508,0.94035141,0.93706272,0.53241532,0.64231741
0.46260006,0.41976537,0.11944844,0.09675290,0.23273215,0.83664075,0.14583230,0.22669865,0.54861406,0.21513122
0.16320668,0.56331624,0.36809327,0.62615929,0.91220534,0.15099313,0.91343366,0.90248997,0.82908758,0.63128592
0.62014666,0.63921266,0.69049555,0.01648220,0.95809258,0.58560376,0.78146584,0.37728184,0.01239721,0.50973466
0.50719012,0.43698929,0.33971705,0.24982609,0.52754487,0.37527814,0.96993188,0.17292731,0.31966557,0.29396047
0.54330918,0.49928026,0.64374047,0.95000177,0.28522109,0.69277157,0.02504020,0.26238847,0.46371973,0.03099479
0.61766946,0.67831061,0.74673171,0.51657450,0.60394466,0.39606525,0.04125303,0.09995186,0.65499592,0.99555530
0.01580324,0.55758350,0.75100875,0.82677483,0.54520490,0.61991598,0.69672495,0.85896625,0.12228954,0.92618220
0.02601740,0.83619975,0.07674043,0.19462821,0.00389415,0.44525671,0.33435923,0.16599291,0.45109016,0.40237088
0.76766103,0.89313031,0.65256725,0.12441039,0.29539079,0.91331830,0.08873449,0.40685584,0.94250462,0.95066484
0.41120318,0.66739689,0.45674560,0.75346054,0.03158133,0.14415715,0.61419880,0.23255226,0.66605230,0.35122293
0.88664556,0.81925939,0.49283780,0.77289509,0.27113789,0.49425978,0.19748205,0.86088617,0.82306762,0.90214967
0.87747698,0.95959626,0.22833623,0.93182429,0.57121319,0.42249508,0.56037390,0.34260236,0.28855301,0.24131434
0.08242799,0.49656490,0.88776168,0.63015197,0.52097563,0.42859292,0.46440163,0.20927735,0.82293588,0.19838296
0.71662276,0.75998501,0.57486904,0.86292637,0.29105035,0.88161722,0.72941046,0.79874983,0.66457971,0.84634302
0.99309886,0.42016285,0.81391568,0.74457976,0.45287017,0.92694900,0.39442593,0.56546592,0.10594236,0.22577519
0.84069617,0.39655272,0.39408409,0.24598102,0.49161033,0.80581696,0.89516412,0.07011443,0.57482073,0.46727337
0.61428185,0.44727569,0.39864482,0.47188071,0.58199913,0.50098321,0.47214445,0.81783531,0.74564799,0.34137849
0.80057712,0.85365067,0.15349221,0.58268246,0.28531199,0.73917232,0.23878533,0.67140352,0.25512466,0.51114376
0.94864647,0.38130754,0.87573849,0.98694458,0.87485085,0.16586603,0.81965822,0.03214940,0.39330188,0.87073337
0.68875221,0.53274043,0.38786403,0.81229695,0.70955840,0.46840532,0.89248434,0.22994802,0.17039151,0.64280376
0.97199434,0.24725657,0.24967038,0.13949885,0.86056356,0.22639754,0.50317853,0.99087248,0.01214090,0.55648609
0.51228904,0.80744738,0.35528154,0.41034136,0.16793798,0.74081523,0.78470891,0.13666332,0.39345707,0.89290500
0.00270727,0.29875907,0.55504229,0.33409386,0.27204519,0.46003748,0.18152311,0.52962524,0.70669592,0.57529495
0.09310933,0.84440861,0.17497784,0.76481200,0.36056511,0.78276135,0.20627290,0.18666210,0.49702585,0.03293601
0.22529734,0.72401225,0.83738348,0.08078536,0.88207771,0.79751720,0.86968430,0.69842855,0.67415307,0.52509323
0.65278722,0.91910966,0.10052200,0.31576448,0.07245497,0.94480517,0.44526547,0.67534447,0.84112006,0.99100025
0.16178246,0.79951261,0.88742290,0.04887538,0.75409056,0.35472532,0.64859679,0.51404820,0.25974225,0.13522136
0.11694723,0.10332286,0.63779004,0.35141085,0.21663344,0.69188509,0.68684957,0.53916829,0.93495782,0.38541423
0.83586297,0.07513941,0.73983109,0.98844741,0.84659822,0.57966472,0.62676606,0.35328955,0.67948522,0.77039538
0.99822848,0.49246292,0.06130407,0.59585795,0.11902415,0.24476504,0.32877991,0.73102987,0.18380812,0.16575295
0.04496424,0.87323994,0.69350542,0.03994647,0.02829231,0.55867430,0.28253440,0.59672635,0.43460418,0.92331256
0.28780901,0.67914537,0.05405431,0.95586053,0.98075747,0.73907463,0.46521247,0.21999344,0.81251634,0.73635410
0.22195404,0.45121529,0.46279894,0.82641055,0.68384468,0.64316754,0.64982742,0.27047008,0.37171126,0.04566229
0.78694114,0.43299822,0.43823836,0.24535626,0.20942728,0.58782193,0.23255302,0.06420885,0.76750742,0.37646943
0.38023558,0.43131828,0.81504482,0.32083690,0.75803621,0.93954484,0.66086820,0.43168108,0.74778972,0.45789737
0.41442727,0.52528316,0.31772233,0.10425022,0.41485201,0.12385688,0.41044147,0.55693372,0.93071118,0.03622233
0.62145841,0.45773519,0.02026113,0.24954818,0.11848525,0.21679415,0.27457024,0.40130634,0.52903939,0.00098999
0.16186936,0.09356639,0.54967340,0.32907487,0.54839774,0.22182330,0.02422935,0.94136690,0.10830812,0.12685875
0.14654683,0.98127652,0.61766024,0.61028995,0.98669820,0.08843877,0.97450089,0.20401315,0.62307150,0.42008357
0.38395181,0.93124333,0.14922773,0.99706901,0.37912506,0.64877490,0.96790673,0.05760105,0.92286436,0.56781139
0.70439688,0.14918418,0.53338743,0.67351371,0.45624731,0.15498518,0.24411908,0.85439279,0.03447099,0.70886208
0.99939004,0.00748300,0.16104568,0.67414430,0.05999083,0.58978998,0.68400010,0.58814635,0.36518470,0.69728230
0.59429443,0.20763717,0.56313554,0.88190722,0.66683329,0.47179151,0.32158410,0.08588621,0.24462713,0.01118675
0.98662592,0.22248225,0.81487594,0.16864488,0.28360115,0.41827732,0.32440566,0.79835081,0.95769341,0.87529448
0.15357787,0.77668868,0.14794691,0.91338111,0.51787858,0.33638109,0.15702550,0.01180909,0.24794699,0.91402006
0.79726219,0.96979371,0.10076152,0.59217874,0.25715047,0.54294171,0.32045489,0.28346555,0.57384530,0.18331816
0.46913344,0.65081227,0.12818207,0.93059427,0.50572470,0.81952797,0.65390543,0.71000094,0.71613094,0.87509990
0.61360544,0.27821715,0.09950964,0.60625062,0.06635280,0.24129345,0.06070718,0.54888759,0.16033812,0.61040732
0.79086513,0.82188072,0.30954351,0.54895453,0.56301076,0.47288718,0.65511389,0.21008712,0.97924324,0.09807983
0.82922114,0.59409599,0.24485475,0.74567500,0.08448090,0.77441783,0.58998522,0.11075032,0.07950556,0.75083633
0.29293591,0.88930185,0.76207302,0.69819024,0.27860605,0.70894452,0.94814768,0.09155983,0.32616264,0.23467227
0.39325013,0.74233265,0.47424258,0.57073061,0.31415489,0.14128927,0.26693365,0.85968030,0.60241696,0.37798867
0.78990598,0.06445743,0.25389109,0.23010315,0.98536456,0.70609858,0.61778594,0.00498497,0.18431000,0.63554129
0.37971933,0.92428038,0.76472422,0.44738407,0.74951498,0.97540432,0.46098082,0.64252589,0.91866462,0.24867466
0.88655791,0.09754471,0.64844817,0.78283816,0.61460622,0.49553480,0.61734710,0.15166371,0.21557071,0.26989934
0.59777934,0.44190107,0.24447584,0.88280933,0.37392184,0.44603172,0.40970108,0.18194296,0.73162702,0.44845826
0.01625711,0.96401370,0.81576361,0.72355935,0.86909187,0.90680725,0.33748971,0.61095868,0.60880781,0.26729967
0.22195225,0.11390725,0.65931420,0.78091899,0.76095298,0.31627538,0.20525985,0.45361418,0.54681346,0.91908713
0.87482315,0.91605833,0.85026239,0.96458120,0.46550000,0.04747350,0.08356203,0.39027614,0.25768709,0.16994059
0.95320377,0.19541959,0.95937927,0.76083884,0.64094567,0.67601896,0.33147432,0.64642704,0.18669212,0.93770543
0.30179334,0.25518651,0.71116280,0.65644872,0.45129892,0.63244623,0.15949307,0.67332831,0.27061070,0.27283598
0.16217993,0.33237714,0.33125106,0.45417901,0.19041950,0.19300754,0.54173857,0.12887740,0.68889701,0.94394713
0.42679562,0.90110531,0.09831659,0.04295763,0.72136888,0.76102157,0.84305824,0.05681768,0.77690705,0.37653873
0.30333763,0.17302392,0.99601576,0.06366359,0.82700801,0.63949444,0.73508044,0.71171712,0.85843449,0.18379207
0.00082462,0.59852849,0.35385864,0.12378733,0.18613875,0.33174931,0.07023337,0.05691320,0.91602625,0.31210275
0.98223070,0.96436701,0.14257128,0.71492430,0.60080489,0.69064707,0.09619100,0.18856008,0.07663866,0.60413421
0.98659108,0.67198454,0.71076154,0.98458504,0.67801155,0.04018157,0.86700560,0.36467829,0.00436362,0.50723418
0.93701500,0.25733069,0.49151317,0.17377689,0.05769267,0.08054495,0.72701091,0.86407447,0.14329884,0.28831857
0.19502947,0.02685578,0.55343137,0.69992217,0.64787748,0.38805355,0.55501025,0.09409931,0.15430372,0.93179462
0.76150775,0.92273910,0.91668028,0.64939262,0.92823865,0.41670410,0.00361624,0.06257112,0.10948733,0.09535345
0.35170239,0.70127081,0.79064881,0.59021327,0.14643617,0.74790160,0.35480192,0.01299335,0.28058862,0.33060055
0.27424554,0.81187015,0.75992640,0.69555203,0.13900508,0.80783391,0.67717596,0.19483769,0.64809393,0.48351164
0.43935006,0.11212316,0.51830428,0.09993181,0.16425339,0.13254631,0.95410828,0.28486469,0.35520432,0.32208061
0.89825045,0.56296591,0.91915990,0.29992491,0.11483467,0.55621845,0.34553699,0.80190683,0.87942341,0.47257351
0.97135902,0.55301301,0.27092039,0.48897552,0.03731029,0.80400116,0.10143505,0.30874849,0.56531655,0.04297513
0.07931690,0.69611636,0.07177709,0.47708287,0.33869563,0.22807941,0.18877890,0.76341129,0.95154219,0.14017974
0.95968122,0.59476250,0.64166041,0.70992638,0.70411889,0.81981111,0.48346865,0.53335859,0.32382700,0.10525759
0.66464019,0.03360997,0.27563505,0.09422986,0.19072716,0.63873091,0.62847663,0.42105491,0.09017198,0.43337392
0.35274487,0.72045915,0.57902661,0.49156577,0.48698208,0.96629689,0.75629422,0.49697956,0.47922261,0.02647910
0.94250926,0.31917397,0.25593908,0.99940893,0.71868967,0.04736377,0.06188548,0.02550156,0.59961890,0.07156450
0.93338836,0.93690654,0.54605407,0.61663893,0.29189440,0.06397254,0.73746045,0.10178599,0.08555764,0.31122311
0.01246566,0.43403562,0.70768091,0.80134893,0.60430730,0.84687420,0.40650220,0.84877209,0.50647331,0.22303613
0.94414565,0.27497087,0.02620148,0.24267404,0.36668756,0.35134968,0.52466751,0.88312688,0.29233823,0.52077061
0.34013895,0.82177306,0.15760151,0.10351027,0.50299525,0.67188759,0.79552520,0.58962485,0.77384976,0.39271006
0.03286767,0.11609931,0.03872260,0.32894365,0.49549134,0.35631748,0.56059948,0.48060915,0.67794280,0.66696216
0.31806415,0.34621446,0.58514782,0.59643247,0.31469991,0.33031789,0.69404501,0.64741082,0.13505080,0.44104188
0.89270608,0.03630568,0.85516395,0.16317816,0.50724863,0.42433643,0.01012934,0.91539694,0.45492523,0.95426828
0.28674390,0.86627577,0.92238957,0.55683242,0.20267779,0.68524743,0.54897807,0.94452967,0.43927206,0.26851365
0.13828700,0.69863357,0.97410962,0.02834377,0.74044535,0.92693036,0.07478153,0.11017005,0.69195710,0.64796338
0.06882742,0.83442275,0.52342385,0.90719737,0.87799088,0.81250777,0.51589890,0.25171064,0.50597550,0.10081138
0.65884615,0.13397722,0.51117296,0.05438197,0.29951249,0.23208046,0.62003154,0.78678671,0.05730295,0.85028369
0.86076769,0.34226907,0.65900407,0.40261303,0.15419088,0.52866242,0.08635967,0.87847216,0.92428976,0.82161314
0.56252812,0.55759859,0.98460738,0.24790169,0.07594837,0.56194092,0.32878560,0.32233877,0.00708535,0.59623941
0.26403370,0.18785855,0.04043193,0.36436158,0.87896887,0.33667081,0.67907421,0.75654696,0.32810081,0.82164074
0.69187966,0.55924223,0.00099246,0.03509077,0.99086584,0.78228392,0.93756526,0.90230320,0.02044298,0.79184729
0.45114574,0.78955820,0.00671578,0.28819930,0.75132378,0.79302079,0.61971460,0.30125619,0.31036259,0.96676396
0.43921218,0.44712555,0.55233275,0.40950234,0.55267156,0.43233542,0.82671492,0.90905102,0.93211026,0.56429621
0.44214856,0.70524006,0.83832359,0.56298224,0.69998102,0.74972935,0.67639378,0.74613356,0.20864533,0.49837455
0.58826855,0.00247793,0.85596251,0.61002451,0.12913633,0.81635707,0.71705697,0.75829954,0.39204246,0.85420251
0.41402758,0.57050915,0.00064230,0.64487311,0.71817579,0.56710937,0.49655882,0.80993647,0.68137272,0.27807404
0.95907334,0.70726719,0.98793893,0.97126132,0.91890972,0.75537154,0.60942937,0.17217066,0.54335142,0.76537652
0.52085716,0.86823913,0.10965590,0.38094035,0.50596442,0.43232530,0.10858655,0.15352829,0.83761729,0.48438426
0.04872243,0.01649126,0.47347540,0.16437873,0.70512595,0.79532346,0.22829671,0.59217694,0.15444464,0.30358265
0.88879549,0.54409809,0.88588870,0.22524780,0.33002434,0.47095214,0.48008008,0.99764797,0.11444532,0.85196504
0.86368204,0.55319863,0.34403717,0.51922610,0.29246770,0.79910745,0.49827916,0.92584218,0.62269134,0.51431933
0.71106935,0.50393296,0.90450635,0.18444596,0.97334868,0.81219055,0.86073336,0.48290783,0.83720155,0.30677408
0.76194818,0.14045016,0.30705192,0.44573266,0.32231972,0.38701712,0.82010474,0.25667589,0.74528117,0.07371207
0.76573911,0.79202324,0.40169878,0.72247782,0.91513840,0.80071297,0.39044651,0.48421351,0.77935754,0.29259459
0.80388274,0.32807114,0.80599058,0.08680044,0.04439730,0.99767545,0.86945712,0.88284750,0.95127995,0.43831631
0.28683555,0.13002500,0.50120913,0.22004832,0.93555086,0.00400316,0.14319674,0.24647585,0.19895671,0.22577844
0.65604761,0.32751208,0.61502438,0.89025793,0.60255677,0.69453279,0.36550330,0.15973847,0.32058406,0.96428265
0.62181138,0.27751112,0.45091527,0.83551304,0.66844357,0.56065284,0.88516288,0.67243957,0.64272973,0.18976814
0.10638868,0.96514212,0.59885837,0.41568341,0.58902082,0.06181196,0.82212727,0.21664554,0.80454601,0.53437844
0.27657201,0.03020995,0.81583336,0.17646014,0.05180512,0.75587773,0.35004322,0.38933401,0.24706759,0.85917848
0.29732953,0.21019257,0.30924973,0.20314958,0.31765522,0.08293622,0.15853003,0.41705288,0.87946686,0.05729075
0.21267471,0.90834568,0.89001467,0.67945083,0.24047355,0.41981056,0.21122099,0.12858851,0.37999839,0.57582161
0.35993268,0.61082455,0.29625474,0.34585053,0.79067359,0.87831473,0.32203408,0.57151580,0.27816228,0.05333464
0.73785718,0.17100348,0.42571252,0.48704549,0.18447158,0.09455535,0.34801301,0.95228591,0.61513559,0.38141023
0.03891082,0.60027328,0.09225764,0.54254407,0.75195051,0.42358535,0.29941149,0.04738423,0.02477788,0.43002657
0.88334527,0.24406278,0.57405551,0.68430582,0.06082987,0.15310038,0.33127679,0.67009317,0.43903511,0.73419507
0.86759787,0.75837228,0.99224721,0.75436107,0.85217920,0.83236636,0.73026576,0.80180182,0.93468323,0.47520738
0.63828702,0.51493972,0.85103699,0.43135960,0.81972677,0.79935458,0.96188610,0.24892070,0.70961951,0.75691950
0.93627849,0.90690242,0.57352586,0.57915319,0.16729123,0.97496270,0.25501746,0.72473622,0.79579500,0.44121550
0.21119372,0.18896038,0.85649600,0.51075649,0.09013698,0.71701947,0.25017105,0.87639475,0.30957179,0.20027083
0.08485844,0.51153114,0.45073759,0.75131214,0.46460259,0.34381597,0.26165492,0.27814675,0.92784790,0.16507860
0.98817642,0.32691946,0.08839024,0.24869038,0.05841438,0.79002977,0.51255291,0.33698662,0.66204960,0.63064653
0.93987209,0.96126052,0.68068378,0.81781593,0.79242510,0.49130353,0.70445829,0.07825901,0.75802108,0.96183301
0.08497475,0.83611578,0.93298003,0.22618889,0.52481119,0.92785823,0.96022600,0.12788238,0.34900423,0.69814464
0.22155850,0.32477063,0.02329106,0.15352168,0.56232949,0.65309007,0.64891183,0.77836047,0.41528141,0.27349072
0.01558070,0.20662983,0.31238781,0.17820686,0.02014447,0.15744761,0.66609955,0.62958542,0.93568364,0.79816829
0.56775612,0.13755635,0.56407182,0.06159506,0.43088490,0.39025863,0.42781381,0.27982592,0.68583045,0.84094447
0.76851699,0.62775210,0.53834480,0.03108418,0.72293400,0.54498294,0.27074105,0.32784204,0.93560679,0.62436225
0.47591243,0.62092174,0.41374232,0.47018227,0.29030926,0.43985330,0.68559223,0.03994193,0.79502741,0.28297954
0.68255979,0.64272531,0.65262805,0.60812892,0.95910184,0.50834416,0.73231912,0.70544933,0.23626758,0.28330584
0.42401710,0.27769793,0.36674310,0.39096061,0.60386456,0.21989004,0.80429187,0.43753636,0.70624411,0.08144248
0.46996539,0.02821953,0.67590999,0.34371008,0.94925281,0.32412421,0.56380590,0.25738758,0.62011263,0.46704235
0.37062826,0.20368935,0.11152134,0.11987913,0.99904002,0.41231073,0.00192971,0.95292879,0.01997992,0.41858613
0.71747759,0.91459924,0.71288629,0.46362575,0.97444204,0.03931938,0.98689220,0.84939155,0.92893002,0.25477242
0.14245807,0.66331528,0.51585944,0.52316796,0.92461918,0.62008091,0.31106384,0.40006656,0.13349584,0.19231404
0.14335007,0.81029134,0.70487347,0.53034502,0.37436783,0.66849429,0.81290535,0.88123322,0.54701623,0.81988512
0.51130595,0.47453009,0.86543186,0.38637394,0.39591268,0.30491135,0.51870173,0.54485003,0.66046115,0.43050231
0.21783729,0.86684206,0.34600087,0.92294342,0.20735333,0.56005748,0.53661509,0.82864785,0.13885139,0.90993717
0.53142817,0.58610938,0.51016629,0.03602491,0.49709066,0.26354966,0.34268818,0.64910160,0.49769713,0.09321821
0.07304127,0.18565770,0.19088515,0.60830076,0.17781446,0.88171942,0.20976066,0.09113145,0.87574602,0.29532758
0.42542263,0.95902638,0.94436922,0.71491689,0.06893895,0.59334013,0.98907794,0.94691623,0.10600249,0.39596730
0.31553675,0.12972811,0.69479831,0.27384836,0.34486580,0.09035888,0.49796756,0.15816786,0.43209042,0.14334222
0.95384989,0.14498253,0.52188715,0.19697983,0.07636180,0.20230862,0.05477411,0.13939738,0.49348416,0.65181552
0.08733982,0.44101862,0.58124702,0.23422568,0.37207841,0.07183487,0.22013108,0.46675293,0.99044218,0.99626506
0.97962168,0.42308639,0.08068038,0.32357344,0.23771438,0.01412657,0.09523361,0.45319194,0.33966246,0.18035372
0.71609997,0.35711560,0.85186786,0.24097716,0.53839349,0.18413922,0.49530062,0.15246651,0.16157862,0.61222338
0.26378604,0.17236723,0.92976825,0.04300325,0.56514811,0.54826384,0.25060887,0.45277175,0.08773778,0.72127015
0.22169715,0.19338536,0.31487848,0.90236992,0.79646665,0.94689229,0.65196235,0.66292151,0.48003100,0.90518632
0.51087715,0.35506007,0.64037501,0.54613949,0.12401982,0.39272541,0.31332541,0.84683378,0.37884256,0.82155523
0.44238959,0.75350056,0.13528193,0.92465022,0.48055989,0.25979825,0.24148961,0.26507729,0.36672417,0.71751953
0.94960304,0.66903743,0.54716627,0.44859781,0.82819447,0.84965720,0.29303767,0.95342025,0.39511536,0.80007807
0.96681988,0.70365810,0.16155073,0.58613696,0.11877712,0.78914204,0.28131517,0.69521482,0.91008967,0.18100985
0.39285784,0.64711879,0.41965859,0.17481894,0.02907161,0.40659814,0.64920903,0.57398421,0.15624124,0.45069344
0.36947105,0.27420240,0.72927124,0.30965203,0.54014195,0.92322354,0.53927598,0.61702291,0.07324599,0.17813414
0.10095120,0.76481295,0.83592108,0.18645529,0.21927175,0.32320729,0.59107762,0.62179619,0.68675396,0.90519276
0.29504014,0.65875899,0.55972285,0.30583724,0.90741519,0.09548341,0.71200103,0.72787371,0.91532653,0.51858059
0.32162234,0.82774067,0.77081028,0.50031561,0.76785738,0.26787560,0.58950633,0.86518345,0.31798450,0.48354998
0.95104485,0.79821184,0.88703902,0.38524706,0.99650526,0.15256560,0.51877058,0.47927338,0.79843219,0.90861777
0.73113938,0.62681624,0.42742919,0.51032592,0.50930031,0.02036847,0.50304580,0.85597080,0.70927401,0.79570862
0.39048499,0.52897324,0.03348357,0.38299794,0.47441604,0.25520890,0.03124098,0.69040811,0.43508775,0.41567819
0.24998675,0.53783040,0.43802678,0.47398447,0.58087135,0.00632465,0.90769590,0.07108740,0.45092475,0.20737288
0.52378237,0.28023011,0.86000650,0.39635983,0.63875556,0.24887973,0.01940615,0.40415454,0.53648649,0.45954715
0.96201436,0.70683917,0.99566980,0.29506009,0.78905328,0.55555847,0.61176035,0.98585320,0.65398720,0.89881689
0.72575023,0.12738612,0.69942371,0.48431559,0.91879799,0.80683445,0.10413469,0.13391564,0.06961100,0.49324487
0.08077176,0.72367834,0.55235858,0.83588502,0.27979579,0.51914078,0.11747969,0.88461000,0.17500496,0.10236225
0.20505060,0.80623149,0.10581453,0.61442749,0.74618130,0.75108116,0.19006089,0.06162400,0.44880638,0.20248535
0.69927081,0.35669280,0.44935394,0.11348493,0.56755029,0.18552419,0.67898566,0.07116882,0.97589459,0.68452698
0.18172957,0.01409465,0.33446289,0.15281326,0.21841133,0.87275026,0.60320466,0.17645765,0.55665940,0.25578065
0.97620086,0.03275723,0.73231842,0.77299703,0.06716276,0.17186936,0.38430666,0.86815483,0.53699994,0.65530685
0.78301284,0.82812279,0.47628454,0.50879314,0.71800586,0.26334236,0.85448974,0.02078682,0.19577160,0.80019994
0.34025821,0.14983283,0.18675476,0.53075640,0.84618153,0.07065072,0.03048091,0.46516814,0.95618742,0.27900980
0.95917054,0.88768118,0.28313508,0.81694806,0.68586730,0.51182239,0.42291614,0.81550276,0.79307943,0.75693634
0.99825595,0.47851246,0.80692298,0.86247837,0.21160258,0.04206644,0.40474840,0.85673668,0.28910328,0.70001015
0.00734814,0.35536443,0.61551669,0.12975719,0.89660691,0.15627398,0.90979355,0.21638931,0.99427867,0.60474871
0.08434489,0.06527723,0.07492170,0.58989275,0.80957920,0.40296274,0.44483576,0.58928770,0.53304060,0.68806173
0.47178572,0.71386069,0.99731074,0.35029784,0.01221546,0.12562505,0.55351418,0.34425779,0.93998259,0.62744609
0.52035519,0.79803950,0.25858987,0.81973854,0.00306110,0.61967736,0.93475715,0.78785995,0.85363419,0.39695470
0.82423895,0.55083167,0.61854024,0.05891534,0.20155170,0.55096442,0.05880106,0.74144681,0.84005701,0.92036236
0.10176846,0.93972025,0.06762001,0.47405622,0.84025102,0.07031114,0.01823107,0.02494772,0.51127024,0.81159674
0.12742667,0.12461025,0.56854686,0.23429560,0.73021374,0.94963539,0.76603341,0.87717537,0.51958606,0.83231930
0.18290318,0.06834789,0.65595311,0.05195250,0.89248142,0.69155415,0.95220073,0.31388666,0.48615831,0.74169037
0.24277899,0.54184882,0.65946728,0.97880865,0.74470329,0.11813085,0.47533345,0.58877078,0.14662314,0.43196606
0.28400582,0.11882754,0.51204193,0.16563308,0.59053741,0.16969693,0.72359492,0.19524162,0.89628510,0.02620936
0.52199739,0.32010477,0.22507653,0.47160278,0.84201954,0.91527721,0.30324862,0.15424362,0.72014045,0.58199873
0.20101615,0.76029579,0.51893044,0.65339520,0.35933903,0.43909756,0.18034210,0.75651587,0.15701132,0.77830259
0.79800785,0.74660096,0.01942279,0.27313321,0.46833774,0.59554438,0.91922210,0.37560597,0.87502332,0.16342929
0.37128049,0.05228201,0.74248929,0.15065276,0.25702002,0.77523325,0.53471672,0.01397272,0.00223520,0.51066063
0.30495551,0.18031145,0.61359394,0.22843647,0.59220715,0.37926595,0.18674622,0.13810474,0.23686060,0.02983211
0.30812696,0.90195469,0.83136213,0.37200376,0.57583362,0.56736056,0.82873754,0.23629010,0.29638749,0.30178543
0.04086999,0.31468786,0.87791378,0.91198765,0.10963535,0.45805854,0.38134890,0.48935920,0.55471952,0.02025876
0.84224225,0.97366407,0.65340481,0.66045224,0.52797986,0.33427341,0.14897782,0.58406334,0.04494140,0.82450257
0.42091170,0.41475422,0.32717086,0.96935389,0.17491695,0.15130782,0.16553150,0.65852748,0.99189532,0.23547517
0.90561740,0.27861656,0.64789992,0.04049895,0.49565397,0.65456997,0.53631978,0.23783538,0.82849695,0.97013651
0.45919610,0.63591927,0.79041327,0.24148906,0.86445038,0.28020091,0.77583080,0.11209923,0.28838670,0.53361993
0.52492210,0.85043118,0.99612726,0.10721085,0.27138813,0.35759821,0.47891841,0.49390974,0.85619506,0.77055930
0.01885158,0.45502176,0.61807384,0.46039559,0.13064526,0.39747408,0.41165570,0.18771592,0.75630711,0.32140068
0.58898729,0.51573018,0.87742708,0.12201493,0.11426301,0.30031967,0.43121497,0.29854225,0.76318708,0.24526584
0.08477474,0.41379981,0.77337929,0.85056194,0.73334485,0.55788668,0.72419170,0.68138954,0.23436663,0.55075889
0.77060933,0.31712066,0.65397315,0.48148043,0.50315885,0.09005504,0.66621717,0.86568704,0.14143129,0.36610566
0.04866745,0.02963189,0.98965850,0.49347151,0.35551902,0.27487708,0.98001264,0.25225079,0.72570840,0.28375810
0.07048951,0.68327661,0.00163085,0.67574851,0.25037660,0.74610423,0.76975017,0.72410724,0.02448344,0.70373662
0.99014561,0.24262537,0.27423857,0.81352655,0.16039681,0.66058368,0.75502638,0.03716066,0.55376209,0.57587726
0.30344290,0.87634467,0.16274972,0.36419471,0.84866869,0.19064276,0.82137414,0.07906918,0.48922907,0.07533066
0.67790359,0.79060149,0.84985855,0.98126225,0.67201572,0.76906191,0.50575828,0.91273690,0.64375838,0.88355141
0.23545202,0.49673778,0.72981892,0.20272175,0.21133979,0.97804274,0.43461036,0.18181545,0.33146388,0.39737615
0.62308526,0.92301466,0.98659008,0.65169876,0.69992236,0.32182917,0.85715860,0.21779834,0.10638065,0.97325599
0.86413868,0.30364513,0.67517072,0.46701836,0.32312821,0.28677421,0.13602745,0.54931808,0.44659669,0.51218642
0.21535717,0.93861067,0.63859120,0.89960066,0.10927117,0.62285097,0.84946182,0.33092078,0.19514317,0.26502131
0.27293373,0.44719896,0.32596360,0.27127407,0.64851230,0.05303237,0.34036378,0.68975197,0.17584975,0.22092786
0.20066663,0.00092611,0.47376775,0.03895879,0.27293981,0.99480342,0.91839621,0.21507581,0.31000243,0.46370458
0.84441355,0.80264594,0.12624144,0.12444885,0.41673225,0.87009539,0.88208500,0.10736585,0.57429729,0.15567520
0.68612931,0.91643325,0.45476929,0.08308277,0.57925420,0.40851667,0.81089875,0.34034446,0.87489720,0.27370041
0.15751764,0.30648038,0.03491579,0.28124597,0.66011763,0.14228298,0.11136497,0.13238529,0.07755167,0.87463541
0.94411512,0.04656115,0.76007178,0.73715175,0.99690942,0.34787066,0.28550899,0.45308212,0.85657518,0.72859364
0.47162381,0.24456284,0.72701574,0.85452687,0.39995123,0.66858545,0.40021202,0.47849344,0.52491038,0.77572581
0.97750598,0.44436616,0.34231501,0.37359101,0.13388907,0.29693874,0.08644741,0.42789426,0.16735727,0.34640675
0.79357775,0.24592765,0.61189462,0.90118142,0.56692919,0.19379261,0.34476619,0.59036921,0.50661114,0.14861984
0.44679634,0.54306669,0.26733271,0.61244552,0.07016010,0.33660703,0.80427683,0.25928480,0.60517685,0.41002971
0.31646014,0.91613169,0.34326172,0.23667590,0.90930132,0.74594436,0.68179971,0.04953494,0.13120496,0.63833996
0.20943284,0.22563799,0.77913852,0.28592495,0.07158730,0.03643195,0.44317799,0.61712858,0.86888523,0.11080440
0.19667283,0.52980061,0.36410836,0.48253745,0.92412465,0.54489165,0.41512061,0.98943991,0.06521567,0.93211345
0.50166184,0.50375634,0.92196433,0.50732398,0.43840709,0.27248859,0.65881677,0.56964509,0.21434544,0.70941292
0.64408686,0.39733388,0.00440092,0.44658115,0.00605812,0.07499849,0.43060990,0.08191988,0.27566543,0.65549137
0.30861534,0.99764859,0.91630203,0.58530990,0.96694714,0.86801729,0.31889852,0.74959625,0.13683178,0.68455142
0.49108183,0.01682594,0.27422982,0.95538222,0.31583149,0.18145446,0.18753145,0.47921326,0.84264924,0.75800177
0.43685201,0.20872688,0.04606490,0.46263032,0.81477535,0.72968199,0.40860077,0.59470267,0.43624652,0.57901611
0.51750524,0.68096660,0.50770884,0.94061100,0.42802818,0.01591630,0.23637354,0.50060686,0.54057185,0.55238479
0.71455210,0.27464814,0.66490368,0.70403227,0.41128075,0.40216910,0.17892479,0.41398738,0.78681629,0.90897301
0.59361319,0.29937034,0.68228972,0.74014621,0.33221278,0.82654786,0.07369583,0.01075372,0.12297077,0.15600835
0.87892903,0.42498170,0.27493169,0.42907512,0.39484089,0.30146167,0.13789958,0.65591546,0.13660440,0.77542445
0.20168801,0.73137131,0.80558611,0.12532601,0.08674577,0.94957277,0.46304681,0.63023549,0.02326044,0.27871018
0.50539765,0.88621831,0.27143942,0.77519132,0.66221293,0.11527077,0.29337517,0.23786404,0.44252759,0.63533424
0.43341976,0.24453658,0.69587877,0.58447109,0.51931391,0.55441960,0.22190065,0.68043106,0.38750054,0.36346782
0.14973421,0.59683733,0.60266441,0.34030064,0.85985006,0.84545790,0.10905431,0.69503839,0.39383476,0.99971485
0.22502363,0.28052421,0.44210629,0.26871515,0.69199337,0.48090811,0.22087883,0.50637407,0.88878777,0.79239565
0.49882892,0.28849260,0.17988646,0.87838288,0.71016694,0.57216330,0.87943465,0.12169029,0.68248929,0.21671231
0.12057744,0.46560851,0.38739293,0.94117361,0.32397955,0.81490226,0.74882700,0.66792387,0.92040047,0.40792459
0.38967119,0.16094742,0.27576208,0.87977646,0.47438213,0.34135332,0.21611206,0.48496025,0.71666537,0.28669203
0.75771652,0.62978777,0.78756256,0.25090963,0.63102814,0.15373528,0.36379698,0.72436009,0.63166839,0.18786073
0.85834267,0.05335098,0.59521569,0.98382050,0.53150473,0.80067182,0.59518097,0.78308831,0.65559414,0.69113201
0.22781115,0.74182091,0.23790989,0.98064028,0.22778719,0.23668400,0.85867312,0.24298586,0.36090279,0.71464016
0.15874858,0.15907175,0.48635842,0.24369675,0.23565796,0.00923892,0.37044959,0.31825055,0.03115581,0.62123318
0.62665518,0.07080047,0.31704156,0.87280553,0.58216707,0.41197472,0.46510193,0.20827999,0.81188150,0.91400471
0.91066404,0.22393439,0.31074027,0.16062277,0.30720113,0.33280537,0.63310574,0.18964638,0.91939692,0.10309947
0.00687801,0.85494513,0.70376981,0.35535987,0.59549971,0.22354410,0.16838965,0.47114914,0.35318783,0.61523005
0.21814918,0.66292770,0.76686152,0.16663614,0.04385828,0.43958738,0.77402409,0.65077984,0.70188172,0.40283934
0.23494555,0.53177884,0.20436569,0.72622870,0.19696646,0.29126327,0.50654478,0.48670993,0.60084938,0.43744460
0.91947331,0.83993409,0.87911345,0.62951657,0.63500792,0.60919868,0.43488415,0.32210600,0.59200289,0.02553184
0.00745643,0.85164183,0.04642404,0.52479515,0.61498776,0.19817123,0.89573084,0.19009577,0.88451499,0.76299027
0.24074295,0.15074417,0.31623271,0.39795057,0.24578468,0.99889155,0.22965234,0.83063483,0.15911775,0.98024463
0.22552346,0.42168855,0.55856407,0.12028572,0.81682007,0.27468553,0.54926990,0.54963381,0.60264065,0.05548599
0.16861876,0.16119224,0.30205126,0.14491416,0.92192132,0.51295445,0.62357515,0.35748818,0.27624614,0.50317717
0.29432297,0.34364593,0.45275087,0.50573369,0.98431401,0.22332259,0.48797616,0.14951174,0.34999923,0.71731072
0.17446214,0.58135131,0.41670102,0.05157954,0.93307524,0.41360314,0.78392654,0.41631349,0.93736032,0.29047033
0.41223065,0.75886424,0.34366732,0.36435707,0.99482317,0.55561453,0.68938045,0.64346223,0.82792415,0.86182510
0.56325613,0.29455607,0.02280025,0.61440325,0.82546883,0.45053981,0.16470614,0.28808207,0.50998893,0.83668122
0.17175315,0.61214988,0.75336861,0.93604752,0.11670369,0.92639163,0.60146754,0.76670159,0.05377471,0.50614816
0.62262967,0.30683384,0.43165021,0.55429814,0.55254794,0.04186153,0.43948177,0.21381815,0.91669508,0.97657999
0.29964690,0.17518540,0.21950415,0.47775226,0.87450560,0.50003621,0.05539206,0.03988560,0.22739095,0.84277128
0.62148056,0.56295785,0.31896959,0.92942541,0.33117824,0.83494441,0.89590352,0.48333501,0.89428927,0.27680329
0.65843343,0.08796375,0.47393421,0.21733180,0.06276328,0.00372551,0.32475212,0.58953059,0.45523035,0.30176930
0.99120003,0.93952504,0.12565331,0.41510743,0.64884693,0.73349080,0.36637215,0.74628181,0.12415001,0.33181263
0.71643318,0.62568279,0.83721021,0.04685702,0.17439172,0.04849458,0.19211422,0.00428281,0.50421030,0.52831440
0.65789178,0.38491245,0.00320769,0.67389115,0.05429109,0.86617043,0.02265399,0.53047512,0.89491788,0.57248958
0.60841675,0.68161085,0.12240885,0.67492710,0.88035488,0.97422083,0.44305200,0.34450485,0.75330962,0.54287429
0.25730465,0.17215788,0.17023030,0.45917704,0.17012441,0.01971894,0.05208877,0.92988454,0.07296134,0.07318069
0.45118845,0.24510028,0.96269385,0.91098584,0.40474325,0.44873152,0.37511365,0.03786612,0.29284684,0.12267347
0.10237033,0.56086157,0.09876486,0.10293132,0.48051371,0.44228237,0.13763479,0.00444902,0.19297444,0.23589225
0.80024844,0.91543835,0.40594440,0.40502673,0.71248128,0.62692202,0.18414019,0.10768912,0.43761189,0.56482836
0.13870760,0.29327349,0.30594300,0.26129820,0.46076127,0.65306358,0.50938988,0.20145656,0.10293905,0.82187046
0.47930468,0.06213918,0.25812150,0.80403378,0.75172632,0.87581663,0.60208783,0.42290593,0.42663500,0.19400004
0.65079896,0.58506876,0.15486441,0.88566292,0.36846820,0.04973877,0.32788092,0.86985671,0.91695659,0.49039842
0.95633994,0.87524181,0.82523072,0.85971006,0.38187541,0.75646894,0.57733900,0.71968400,0.17778611,0.73139391
0.95759243,0.30266332,0.98616132,0.37837601,0.19972350,0.11228623,0.78496191,0.55482540,0.30713129,0.60845037
0.33210119,0.44835776,0.86266413,0.66816648,0.76240184,0.58349355,0.99139805,0.24141007,0.26229116,0.09255894
0.55401950,0.61335924,0.72596157,0.33544593,0.01225680,0.63222954,0.99869549,0.29454935,0.18393445,0.28176696
0.42541547,0.25091293,0.34696003,0.63820674,0.34502799,0.39605894,0.04003126,0.91794250,0.40688596,0.32814352
0.08648420,0.63418322,0.86382495,0.04115320,0.14527247,0.14638983,0.60227486,0.92123050,0.43776837,0.34380645
0.76584069,0.74256906,0.24675614,0.16082636,0.35781003,0.77560339,0.69506339,0.66585371,0.82942856,0.27713031
0.33968373,0.04233945,0.86874578,0.58242973,0.29812229,0.06941653,0.72340950,0.74873752,0.66617865,0.20378097
0.91321606,0.75315802,0.65775632,0.65094392,0.90435770,0.92830713,0.59563742,0.41666941,0.36373398,0.81907884
0.64460534,0.07726603,0.14218601,0.90018590,0.88449815,0.95183245,0.42785097,0.78406091,0.82822503,0.31569691
0.14533771,0.99702636,0.03021920,0.59733592,0.65021227,0.68178934,0.25562774,0.72157924,0.21639956,0.82903826
0.21911667,0.69670603,0.78341349,0.18894575,0.23798649,0.77910374,0.08599897,0.19076095,0.45553091,0.93018193
0.56187783,0.38767785,0.97837022,0.46371131,0.43373497,0.41164432,0.31218007,0.32569481,0.68783706,0.04083560
0.68181673,0.20120450,0.38420800,0.14653897,0.55275104,0.72935044,0.35465558,0.16341658,0.22650558,0.81811292
0.26764874,0.77470259,0.33119941,0.18873255,0.72730856,0.46854503,0.03127725,0.95994242,0.14775345,0.35340698
0.38479463,0.48942990,0.78544402,0.00609028,0.93247205,0.64598946,0.95064888,0.81738954,0.92783822,0.60100055
0.35730898,0.44291406,0.65803231,0.42693186,0.73167278,0.09184802,0.82998665,0.20418864,0.94394761,0.15554580
0.12916420,0.81187611,0.81870183,0.73875942,0.96053046,0.27053963,0.82664874,0.35204053,0.53739863,0.44560003
0.00585002,0.57446219,0.74750589,0.17455238,0.93165586,0.53039954,0.17824600,0.64594757,0.19192271,0.06353335
0.68531524,0.11069488,0.10621745,0.73994356,0.05520223,0.80976918,0.79614876,0.14139343,0.51838065,0.09662549
0.63257122,0.06293001,0.94448086,0.20773074,0.68289466,0.12829142,0.20959645,0.45094965,0.57309614,0.99886324
0.02592623,0.00031442,0.35036709,0.36615637,0.88383724,0.91258255,0.88052498,0.14317875,0.41210484,0.74588516
0.31261107,0.66323803,0.23714286,0.32341926,0.86042965,0.25050904,0.96432409,0.30625956,0.02352811,0.25490090
0.17120494,0.50682697,0.11271607,0.62604888,0.87489907,0.36251888,0.16849272,0.40002500,0.78596682,0.59148767
0.10114321,0.53718715,0.46808538,0.32711226,0.11016060,0.98111194,0.17604332,0.19274289,0.14558269,0.57019304
0.44366957,0.24955718,0.42942338,0.67352185,0.28170053,0.91524578,0.30634624,0.19817903,0.95456785,0.81056061
0.34313762,0.84143185,0.51881425,0.34675250,0.83961159,0.75216507,0.29787484,0.60667852,0.36939022,0.00105197
0.96181574,0.54962908,0.59843260,0.59989143,0.55064146,0.29004784,0.97157612,0.62166841,0.67092136,0.45479276
0.28786140,0.06434898,0.35023020,0.17609743,0.66208827,0.87900388,0.30275486,0.33288263,0.67036450,0.14927143
0.92943743,0.36384678,0.10119945,0.17468400,0.93274608,0.24711929,0.66226880,0.15616522,0.19410169,0.87923822
0.14803322,0.01875059,0.50123319,0.86272681,0.32599105,0.12816227,0.98223083,0.67673863,0.85069063,0.75213827
0.69824227,0.38456407,0.32433999,0.71695860,0.71671301,0.95058838,0.56865982,0.29462111,0.48952880,0.61371382
0.42672980,0.79113312,0.58461321,0.00943573,0.56983989,0.63360379,0.91526125,0.41372167,0.57446766,0.47499745
0.53165643,0.06730407,0.89728367,0.91041234,0.54805961,0.55655552,0.05755604,0.59795051,0.42915179,0.70904363
0.04712492,0.71088768,0.28689382,0.65170533,0.62712598,0.22684148,0.44045235,0.83563326,0.60559164,0.06873830
0.44290883,0.31177146,0.64164568,0.61456394,0.01039810,0.60769551,0.73484965,0.76873003,0.05897577,0.30365842
0.42127356,0.17977171,0.42073387,0.07112954,0.11321728,0.66869476,0.26257246,0.71140585,0.04810853,0.56270305
0.39144866,0.79697139,0.78395158,0.37555964,0.62271401,0.22754887,0.58040684,0.08126469,0.43460428,0.18272768
0.88338118,0.44490082,0.59077375,0.36038186,0.28874104,0.20291978,0.91187158,0.79946578,0.13326114,0.74672488
0.41853078,0.01539665,0.52836732,0.13004644,0.20993431,0.69604096,0.25714204,0.89188820,0.65716976,0.83228348
0.61518954,0.86884959,0.36168468,0.54914058,0.51589040,0.90379071,0.16491541,0.57806076,0.75443119,0.37004976
0.86758152,0.37301477,0.17330876,0.58404836,0.42056801,0.01519010,0.06983859,0.19527718,0.76932996,0.89203952
0.54564087,0.10556546,0.53441895,0.85560546,0.74947763,0.29109816,0.12389061,0.90068170,0.85408875,0.05371537
0.82367449,0.09721264,0.06328363,0.75860090,0.53631062,0.41454802,0.90386220,0.83930357,0.05762347,0.61608724
0.77226740,0.55049058,0.98300550,0.68604750,0.10414301,0.19829801,0.82624562,0.99675667,0.09833927,0.10032932
0.76338705,0.06435428,0.06856012,0.88881648,0.80044981,0.88156320,0.65051340,0.32253642,0.90631319,0.29872352
0.27551084,0.88640042,0.68082259,0.89567208,0.15590129,0.95229680,0.61274216,0.66803504,0.91406058,0.38075297
0.71957499,0.64034062,0.78775272,0.89694279,0.68006086,0.06763955,0.18314035,0.95397818,0.96865047,0.96741331
0.03679940,0.38244817,0.75967270,0.75288580,0.08590890,0.60948889,0.14286962,0.49320933,0.23968570,0.05316117
0.08001943,0.91089295,0.74464596,0.93182398,0.46998993,0.41329250,0.35840729,0.61630710,0.35155939,0.74627323
0.80131733,0.87584459,0.24280093,0.52702205,0.22344462,0.03755582,0.70782530,0.54898127,0.72392728,0.08762291
0.99552618,0.99434857,0.46499983,0.86605872,0.24356856,0.73756616,0.87922586,0.81466627,0.81177408,0.46302663
0.81998995,0.69070481,0.13245140,0.11418440,0.77192214,0.62546409,0.51937612,0.90726179,0.65959036,0.39614675
0.41393181,0.60524436,0.76027528,0.56435331,0.50876088,0.72690070,0.70526455,0.83034684,0.06255179,0.75495213
0.51376045,0.07469312,0.67901003,0.71654019,0.52362717,0.79379898,0.30024811,0.20190722,0.35073395,0.41005051
0.69593360,0.84551994,0.72091819,0.17398756,0.36621708,0.15841371,0.68672420,0.24817188,0.52538693,0.79182984
0.67093927,0.29837399,0.33286675,0.65336429,0.54946775,0.09639349,0.87399159,0.51261325,0.47336101,0.19843934
0.37699382,0.33282486,0.27073568,0.56740657,0.46227536,0.88919769,0.94134398,0.21947343,0.10010543,0.78533755
0.99486140,0.86360007,0.02369740,0.25126355,0.04334228,0.82077938,0.58140698,0.51371854,0.55444988,0.25245126
0.60163837,0.03066698,0.64601172,0.73443383,0.67302626,0.33211752,0.82626292,0.71554400,0.12829732,0.19514422
0.63710841,0.28941613,0.11943294,0.15496899,0.16561718,0.47779091,0.60738545,0.17640227,0.71249661,0.28101261
0.31155814,0.22349862,0.78520614,0.95981383,0.49249985,0.04203064,0.26056932,0.15805029,0.84276228,0.08485399
0.96647624,0.58851378,0.51773979,0.84735062,0.02754762,0.77715275,0.11660405,0.84077810,0.52917622,0.06112940
0.83324504,0.02731412,0.13837069,0.79782452,0.46487112,0.88138870,0.63542927,0.62352875,0.29223511,0.13368052
0.96117239,0.10479769,0.52901060,0.27256859,0.26414066,0.59458622,0.79793412,0.77717948,0.86880169,0.29290274
0.46575138,0.00933457,0.74685762,0.30234311,0.56149353,0.16930028,0.81939951,0.81727222,0.87745291,0.04593700
0.99245871,0.24777941,0.30943369,0.24933573,0.26753270,0.55266136,0.23981054,0.39377131,0.65560658,0.83602620
0.69274150,0.59432284,0.14772856,0.81611560,0.03727489,0.26419166,0.05705892,0.66742898,0.36837108,0.65204848
0.34703096,0.45574073,0.45796101,0.04558065,0.43022653,0.64106436,0.54605225,0.07528377,0.66805599,0.30886275
0.01443480,0.15559556,0.49755966,0.31040166,0.69438301,0.24065348,0.77279617,0.28647718,0.62086371,0.79921638
0.38555613,0.04680494,0.53544552,0.99540906,0.96899187,0.22102219,0.75569651,0.34495183,0.16027248,0.66591470
0.50086873,0.53923056,0.82739266,0.33654368,0.66709476,0.36619147,0.04272390,0.37801511,0.95003446,0.48326248
0.10823044,0.68782683,0.96337935,0.90794525,0.57196084,0.37628074,0.58067767,0.81593106,0.86123734,0.81884388
0.45547638,0.11885799,0.56917343,0.15642883,0.06095833,0.49866783,0.65537345,0.85414731,0.78283555,0.85724051
0.76006877,0.70323940,0.01013757,0.62610231,0.12048180,0.05866713,0.15641215,0.82329216,0.74384939,0.94877241
0.97897626,0.89328399,0.13292605,0.87838274,0.83863713,0.87108586,0.15168562,0.11679183,0.92380888,0.17382665
0.36862173,0.45598485,0.12444253,0.02063429,0.99409047,0.87665724,0.91233793,0.28456307,0.22010157,0.42586656
0.45331937,0.00559944,0.77925311,0.99666704,0.52869087,0.38825870,0.39275189,0.09607713,0.26616182,0.50213279
0.43184800,0.54503475,0.84906565,0.22524230,0.02766418,0.03822545,0.13416881,0.57048298,0.80818481,0.88680594
0.63511320,0.40314325,0.15451471,0.40141834,0.33241513,0.87002588,0.48671938,0.22619590,0.28880107,0.13647016
0.91858545,0.05034585,0.01284625,0.18298893,0.81087402,0.52346679,0.62584329,0.35773168,0.06867799,0.85615816
0.19189427,0.03305920,0.57270414,0.08328922,0.09576185,0.80037703,0.49160959,0.24150845,0.34862642,0.72924098
0.06635414,0.11648062,0.61626203,0.60697173,0.97246218,0.37454948,0.06507763,0.53753743,0.63834681,0.13960279
0.55286197,0.19776712,0.84473006,0.83516150,0.42962910,0.96674319,0.97977387,0.12925109,0.36771380,0.60032147
0.08483781,0.38265550,0.26117208,0.95205022,0.41158582,0.76267086,0.38670536,0.13181207,0.86315153,0.00041692
0.05594087,0.36438441,0.68689826,0.34170430,0.06631282,0.31784003,0.24498086,0.00541980,0.53480191,0.11664591
0.28749629,0.64118983,0.72511569,0.26345563,0.32919367,0.24690924,0.95688860,0.19051973,0.18318060,0.44503530
0.18930636,0.15670846,0.09587954,0.64017125,0.61208225,0.65016289,0.77330001,0.32635801,0.91842373,0.73320461
0.80470859,0.72096216,0.35845565,0.28303249,0.42251707,0.09703036,0.45128050,0.04314098,0.00394596,0.93149894
0.68933686,0.56184695,0.34110204,0.57053801,0.89157578,0.65238013,0.60248200,0.46020450,0.34569703,0.69854711
0.98098094,0.42475769,0.39220520,0.42811347,0.42554397,0.99062477,0.70677826,0.35918445,0.37150237,0.43079692
0.03671219,0.52781640,0.81138095,0.66056779,0.19842085,0.72803424,0.71945861,0.26253922,0.62287466,0.61094903
0.83978762,0.13607231,0.19483850,0.48596950,0.04414515,0.41559420,0.78821904,0.14871439,0.45994874,0.98976923
0.50592001,0.49832382,0.55879358,0.18600437,0.14716388,0.67735463,0.39576681,0.28990663,0.03139162,0.84605050
0.03232887,0.74998312,0.38198856,0.59868781,0.24767800,0.15539967,0.53338800,0.69561769,0.19549329,0.43635895
0.44465497,0.21597915,0.56504945,0.14593569,0.50974917,0.11343151,0.48554241,0.31159905,0.45224629,0.43374936
0.90793312,0.48993560,0.81849890,0.22565239,0.35208279,0.07508938,0.42074779,0.66869989,0.83816703,0.56591491
0.64007267,0.17726708,0.03720604,0.79168815,0.16703821,0.09116954,0.93756232,0.96352136,0.61625729,0.37863727
0.83323954,0.20471996,0.42939233,0.35701730,0.91269999,0.91977742,0.65088593,0.11074014,0.48219279,0.24532837
0.88491566,0.13840280,0.05431028,0.70442903,0.45328607,0.83836489,0.07462963,0.80107613,0.03733475,0.02807001
0.46131575,0.22129129,0.59371871,0.02581699,0.03538954,0.72714850,0.21016516,0.65641712,0.74992216,0.05933117
0.76975395,0.26842122,0.38954596,0.08663919,0.83862998,0.56072879,0.50466528,0.96855481,0.33450576,0.89077929
0.71968788,0.92852814,0.90780205,0.99102981,0.13167675,0.79601639,0.80449435,0.64437353,0.27886096,0.96514827
0.20442214,0.49957538,0.52148711,0.16182934,0.72252882,0.08886716,0.69309778,0.84861550,0.34939643,0.70942081
0.15677401,0.84594900,0.95203170,0.15269369,0.69185947,0.50583110,0.53149933,0.70648972,0.48874050,0.60032639
0.23090102,0.37850660,0.86524035,0.10990251,0.59757526,0.18428706,0.84653960,0.57904395,0.40304878,0.24982467
0.43684470,0.95761233,0.50920929,0.46948953,0.74627381,0.37904707,0.42742395,0.33694773,0.15091976,0.71380921
0.87303091,0.90559265,0.88080294,0.45178380,0.28406619,0.63792375,0.95470491,0.72705065,0.49484856,0.68880857
0.77253791,0.91926926,0.76321575,0.43319056,0.27360652,0.49988166,0.32817794,0.94276459,0.50796584,0.47205634
0.34819622,0.63940699,0.52005128,0.12904892,0.86920781,0.35901283,0.43257843,0.20566706,0.55339821,0.70205506
0.88116532,0.05160766,0.97333191,0.70381774,0.28429868,0.20447476,0.29608792,0.87572575,0.29139017,0.46282113
0.70573805,0.87198986,0.65857116,0.75310920,0.17332680,0.87740783,0.27571918,0.12837816,0.97624429,0.20163993
0.13665197,0.62602090,0.31886315,0.13334921,0.60112112,0.75898523,0.79319837,0.15551260,0.55686707,0.81367837
0.16108701,0.20768225,0.00241140,0.52463416,0.19468170,0.72424258,0.96221386,0.20875549,0.64909701,0.21183446
0.01800686,0.75855419,0.43400468,0.94678686,0.53428588,0.15748287,0.44977444,0.20289179,0.87802927,0.69090318
0.34123880,0.52782032,0.66948019,0.78285772,0.08014721,0.02251884,0.11445270,0.39499631,0.46670661,0.13646163
0.41115314,0.44162279,0.10908996,0.91665996,0.59914593,0.38853553,0.50690718,0.31419749,0.85433103,0.57501504
0.49489581,0.91088540,0.83797970,0.81280189,0.22560920,0.15312311,0.69009652,0.46864226,0.68371271,0.76062723
0.29531351,0.28465043,0.49083157,0.27354931,0.66729528,0.74673045,0.47203895,0.72379977,0.51043757,0.71287172
0.22496825,0.73884305,0.71512402,0.26660571,0.55597099,0.85531167,0.24952265,0.73597978,0.95396672,0.86624192
0.40152008,0.60720773,0.99177013,0.56843741,0.11502760,0.04543075,0.79031451,0.42362833,0.24681289,0.34767203
0.75737287,0.46524734,0.86849949,0.73492559,0.97401415,0.88850377,0.25454721,0.65905923,0.02054303,0.99110672
0.26100611,0.66479509,0.84915362,0.16046466,0.84787934,0.01224567,0.44197714,0.47203762,0.37409071,0.58638475
0.91484235,0.32698911,0.57925989,0.87746253,0.77299540,0.04073326,0.94279076,0.04664690,0.58875847,0.57535362
0.78639023,0.14844305,0.17937039,0.75210693,0.14950475,0.46944513,0.73164809,0.65124193,0.21060419,0.30396026
0.96897490,0.44867062,0.04445748,0.21958490,0.34243509,0.99948940,0.30269155,0.02639585,0.51292158,0.08360538
0.27406760,0.99238318,0.70463852,0.05066663,0.44868672,0.17163751,0.12294466,0.58706541,0.50565589,0.74286658
0.89230623,0.24668186,0.92299199,0.51799177,0.25883492,0.84578584,0.03552992,0.55950938,0.72162154,0.27997769
0.86349192,0.24028456,0.83987428,0.07854496,0.15992759,0.38098458,0.85405551,0.14458537,0.87543824,0.22973153
0.45250840,0.35273440,0.11812623,0.94430974,0.43817829,0.69033126,0.57526768,0.50171592,0.61657762,0.89834231
0.69931238,0.53248008,0.64518596,0.60639428,0.43312121,0.62476401,0.44356980,0.75761438,0.96891248,0.95986536
0.82073579,0.60175890,0.74933199,0.17804830,0.47901846,0.25730476,0.00349498,0.96673757,0.86384856,0.51369862
0.25415229,0.69297521,0.43480108,0.80334953,0.99951811,0.34908261,0.24440304,0.26738249,0.09334625,0.39404620
0.01742505,0.11439556,0.27169575,0.15986278,0.73215910,0.10560479,0.86599411,0.22111450,0.10859062,0.01010664
0.71520500,0.25661675,0.50949861,0.11161605,0.98529592,0.12538474,0.41192593,0.85164950,0.24488695,0.26697179
0.80849952,0.27333966,0.00287131,0.42791372,0.01253521,0.90979228,0.64181322,0.58301427,0.20158951,0.69994619
0.67725464,0.06046357,0.88084653,0.57941336,0.79246688,0.26291407,0.12204780,0.70244957,0.79388269,0.38603353
0.02369228,0.81825402,0.20609391,0.33903194,0.62823101,0.09995472,0.07199577,0.02570377,0.91663986,0.31138274
0.66065882,0.98923525,0.66945079,0.52509480,0.52091993,0.37691715,0.59977966,0.95879139,0.78804403,0.42422662
0.33244483,0.88353153,0.13578583,0.84958526,0.25507676,0.71562924,0.80622058,0.47699652,0.19228398,0.84476774
0.36750835,0.32068026,0.51001618,0.43508624,0.68305222,0.13719781,0.43568965,0.89170181,0.03606271,0.45733833
0.66053197,0.88771109,0.59378623,0.82448427,0.22269102,0.35280944,0.94213227,0.88597511,0.55795298,0.47548834
0.45106739,0.05878966,0.89237710,0.81814951,0.45625114,0.27943997,0.34292061,0.12316059,0.72178974,0.55666986
0.23410342,0.62300557,0.97923021,0.12239514,0.45848501,0.49415882,0.16679721,0.53158021,0.60597726,0.15734454
0.15472390,0.85634872,0.31138744,0.63033339,0.62677308,0.83917088,0.73989463,0.84057643,0.62521479,0.44945716
0.39356652,0.37902977,0.41839310,0.12930925,0.42395837,0.38944491,0.03457166,0.27513076,0.75190697,0.57794557
0.80616750,0.54268804,0.85408377,0.79606710,0.09828457,0.97700637,0.01474745,0.59683804,0.79251151,0.33189414
0.59856979,0.36212253,0.06061498,0.00846152,0.09486203,0.09840959,0.61088978,0.52586523,0.45546330,0.69192148
0.01682614,0.27098348,0.77739273,0.90997711,0.43833660,0.08148398,0.79872874,0.88517043,0.41366027,0.24335525
0.04397167,0.59108282,0.90986949,0.67788803,0.31724860,0.64288832,0.83206841,0.47583006,0.81974849,0.39190968
0.34850568,0.58298863,0.46468642,0.97711192,0.51638942,0.38517203,0.39493354,0.54793995,0.35491204,0.72290660
0.38066293,0.38414439,0.61697325,0.06084687,0.65535492,0.50497222,0.45302611,0.71925299,0.75825578,0.84626086
0.37480312,0.32703769,0.71434210,0.58180486,0.63180155,0.55552291,0.77269302,0.19004089,0.55571213,0.15810179
0.40725194,0.66399382,0.49307161,0.37959154,0.88497000,0.77282571,0.52629079,0.95005316,0.42436529,0.78807293
0.16793624,0.28579248,0.33808558,0.10582075,0.50180482,0.19226013,0.63418589,0.19009236,0.12350626,0.96908673
0.65824031,0.93645091,0.48988779,0.03340246,0.57437117,0.55832889,0.01497561,0.86124204,0.61997068,0.74469117
0.49392111,0.61840244,0.25746989,0.97375777,0.40072001,0.16232662,0.05591542,0.63617193,0.98337985,0.89579450
0.70210457,0.99059793,0.72282826,0.33925112,0.60121813,0.07976664,0.22168249,0.41754024,0.20181849,0.95350101
0.99559753,0.37093592,0.70922899,0.40777073,0.13950920,0.33692685,0.23337170,0.32807822,0.21502169,0.11234512
0.21742843,0.90575703,0.08522168,0.32475664,0.52844989,0.35451266,0.51760710,0.04342006,0.64856963,0.56347880
0.68096627,0.56725782,0.43790358,0.35014154,0.22643519,0.50006773,0.02605245,0.32824083,0.67787229,0.10871704
0.06289124,0.65217861,0.39777472,0.80182504,0.93731130,0.95704045,0.42559285,0.26432722,0.60861374,0.62819293
0.62234494,0.32177861,0.06375174,0.21000484,0.15441943,0.12390035,0.92628332,0.01384765,0.60185774,0.94747380
0.36005313,0.52709809,0.69578366,0.31716969,0.47765199,0.81710285,0.74535567,0.80844941,0.98734016,0.37032747
0.74709126,0.60278457,0.66660477,0.73987390,0.74973132,0.88574515,0.34932168,0.65348136,0.28029043,0.59456871
0.75117514,0.79100109,0.42012450,0.50872022,0.33384985,0.16903635,0.26051741,0.91213700,0.30896954,0.97475933
0.24147809,0.72307109,0.57390329,0.69687005,0.64395795,0.70674858,0.90554705,0.56346950,0.06784878,0.27082543
0.70821898,0.49407463,0.54855198,0.59658046,0.38262927,0.77389553,0.72353488,0.71429941,0.71531017,0.89035800
0.59539278,0.96707220,0.11919268,0.63195898,0.71692655,0.47722041,0.28820839,0.55003745,0.36474768,0.90912407
0.35679241,0.17570699,0.57638914,0.39599259,0.09589814,0.56484235,0.53784641,0.17319709,0.59763817,0.56735897
0.77361262,0.36156993,0.24875952,0.95121989,0.56121752,0.02713996,0.82071168,0.19675806,0.78603632,0.70516243
0.96881372,0.96557930,0.27441062,0.76644958,0.31685509,0.62919794,0.59774608,0.05454352,0.00518175,0.05776401
0.12794205,0.25765249,0.90695522,0.51863268,0.79689174,0.83831175,0.73494310,0.39138512,0.86385939,0.74204975
0.74315144,0.90157433,0.59866347,0.52857443,0.89016256,0.45446173,0.81157070,0.05384636,0.00128994,0.52829249
0.07361189,0.97654301,0.00550117,0.71814964,0.24338470,0.96755201,0.38154165,0.02728343,0.02693577,0.55337337
0.98671198,0.97977354,0.33727297,0.48270365,0.10045581,0.52217686,0.59970160,0.25106167,0.61211444,0.89969275
0.00095533,0.22893377,0.20991956,0.12388620,0.16610121,0.62591255,0.10269439,0.73853161,0.88702259,0.92658772
0.66017581,0.19739641,0.08529658,0.23202495,0.96195719,0.96234520,0.38191888,0.32579154,0.51001058,0.29168809
0.97966245,0.22122139,0.36914268,0.42937088,0.12506402,0.38282483,0.85673072,0.14036100,0.58402195,0.40663714
0.17053673,0.01233616,0.27334330,0.06182896,0.37676847,0.81020986,0.71968526,0.94738371,0.42701542,0.70780140
0.66534172,0.21704630,0.30358251,0.52982953,0.79665732,0.46181273,0.22774154,0.99346569,0.11557881,0.95588891
0.80904629,0.83889352,0.79491758,0.20817094,0.63258238,0.75674981,0.74568579,0.27156537,0.18111939,0.32812298
0.47984448,0.57378075,0.83695036,0.76903423,0.67615053,0.26348929,0.47888050,0.33543587,0.23492818,0.01024536
0.33946197,0.25611627,0.57190233,0.06230177,0.27051960,0.04476949,0.64141790,0.56818956,0.33748002,0.14733460
0.95791983,0.58439245,0.67911337,0.53134875,0.80653325,0.89638005,0.38271054,0.69002531,0.22988748,0.65185505
0.39915563,0.00678160,0.95552787,0.86844155,0.29083655,0.99775731,0.31712767,0.45884419,0.85125903,0.30459635
0.45054028,0.66558717,0.13046755,0.42235037,0.30940994,0.67677431,0.13596939,0.23273148,0.71137620,0.15622437
0.42201926,0.71288072,0.76546838,0.09488118,0.85199561,0.72397230,0.33929459,0.76380285,0.72829887,0.60089123
0.55848117,0.73470349,0.99925990,0.57855225,0.80871787,0.74427372,0.85580840,0.95452486,0.19308321,0.16545964
0.58635183,0.44929506,0.57072269,0.79804273,0.93171448,0.41741583,0.71793265,0.19679919,0.53455195,0.02180478
0.50375057,0.54533646,0.73544534,0.64948479,0.35839673,0.00573090,0.11548587,0.97306065,0.92233316,0.32509316
0.25885294,0.43641629,0.68994003,0.35682767,0.06729385,0.40279509,0.26058899,0.32493001,0.16295725,0.65884007
0.52663093,0.27086312,0.55386248,0.49270785,0.79597486,0.95598427,0.13067051,0.88391348,0.70479694,0.69255355
0.37430090,0.34390820,0.00563948,0.98220487,0.60650583,0.40232862,0.54376882,0.04052703,0.17365096,0.62335992
0.51426173,0.78707482,0.65874269,0.60143568,0.81526570,0.06826311,0.69088680,0.71559071,0.27516355,0.19564964
0.21385248,0.19814086,0.52378219,0.13562631,0.65928586,0.10507826,0.02688964,0.31929024,0.19185972,0.98866206
0.30299630,0.22206409,0.19676982,0.37385290,0.60584890,0.78194528,0.36457625,0.62597098,0.48205990,0.84649535
0.56904178,0.28989167,0.70358726,0.82006449,0.46544066,0.98719724,0.87909688,0.19695467,0.78675587,0.60095124
0.53481130,0.51393859,0.85341114,0.61087279,0.53770599,0.04885991,0.44830287,0.90804156,0.71173673,0.05095398
0.88399228,0.82666722,0.54668421,0.02240547,0.56242962,0.05458905,0.32037896,0.62890962,0.91291308,0.35779564
0.86002378,0.91836101,0.02104388,0.23942784,0.70986230,0.75684304,0.39241685,0.65675461,0.61215862,0.73977496
0.71865843,0.08587080,0.15825018,0.13272715,0.93248007,0.91354265,0.79741227,0.11671856,0.57427147,0.18723063
0.36838394,0.26709128,0.82893098,0.14445140,0.64617917,0.98389466,0.68705458,0.07923349,0.90784950,0.64307968
0.45631098,0.65969248,0.87904433,0.47712723,0.53132148,0.45244740,0.07259143,0.78707013,0.12641174,0.39457001
0.38682285,0.28004079,0.40250713,0.61800911,0.31138731,0.17251194,0.86936751,0.97083265,0.45858382,0.32701971
0.04748208,0.03685154,0.39288200,0.93024202,0.73070854,0.34926942,0.96804643,0.42875790,0.27679274,0.42635324
0.21154323,0.88563877,0.36117331,0.65796896,0.38904720,0.90173142,0.64238075,0.48825189,0.13214297,0.90191666
0.54681687,0.28505297,0.87792689,0.05444043,0.31407692,0.53682840,0.33981434,0.47673426,0.26431625,0.13008309
0.03685414,0.15764656,0.95294651,0.57540313,0.48896013,0.38432384,0.70842015,0.14125948,0.27612987,0.65590212
0.47906436,0.77009254,0.89710984,0.82337259,0.18420771,0.09147024,0.16944060,0.78353069,0.91383109,0.92544887
0.29821579,0.84034138,0.53623554,0.82279185,0.54836484,0.14589322,0.07921955,0.95721915,0.42580256,0.35052064
0.35630308,0.37893441,0.94499683,0.06270459,0.11906129,0.78965152,0.54940949,0.12853676,0.03446014,0.22423435
0.26081074,0.01421303,0.21609054,0.73831894,0.85543369,0.89823583,0.38991403,0.31941373,0.99986085,0.76934045
0.53735208,0.25477143,0.32130545,0.51536435,0.54208292,0.01367864,0.95940009,0.57560625,0.58915824,0.21147113
0.76498718,0.73726452,0.09515797,0.59499437,0.65819375,0.83556817,0.20609118,0.87763480,0.46148107,0.09652362
0.10562122,0.19780445,0.28275071,0.49640580,0.74875120,0.18672590,0.99265179,0.16152193,0.59937797,0.92894044
0.83250742,0.64788920,0.71549300,0.13420563,0.00966305,0.43414878,0.08951893,0.35775256,0.22374279,0.91634672
0.88005600,0.81894285,0.71394430,0.15407193,0.04836743,0.65388786,0.64225814,0.36942428,0.47268667,0.48914939
0.23992813,0.31416661,0.41838955,0.60317903,0.95581921,0.53848461,0.73116391,0.80700110,0.11350812,0.65312467
0.48211072,0.57243094,0.03841694,0.90621574,0.95278415,0.00348192,0.21279159,0.18019417,0.78130452,0.59808006
0.17733366,0.81397096,0.35347487,0.46085688,0.38730661,0.52138021,0.48014247,0.27458400,0.42455604,0.90833715
0.50289414,0.91638641,0.55012705,0.76881729,0.29359131,0.79041349,0.26432161,0.01954997,0.16072894,0.02165288
0.94706264,0.99997702,0.76223026,0.10812816,0.89894546,0.74377618,0.33224452,0.50227791,0.66175934,0.02405048
0.50154091,0.73239543,0.18822537,0.44379057,0.53253013,0.73556537,0.96445371,0.84827555,0.62151842,0.58364067
0.60318669,0.54517864,0.05936288,0.69829639,0.71633680,0.51248036,0.87038761,0.67243680,0.36266466,0.01969435
0.05916165,0.35179826,0.46210533,0.16687112,0.18932831,0.23021136,0.78051334,0.77128784,0.38293899,0.17236438
0.11090839,0.08712931,0.39127925,0.04554243,0.33363504,0.96153324,0.50750462,0.82264466,0.12926595,0.26807878
0.94654644,0.38355190,0.64840613,0.97612678,0.55078776,0.30534595,0.53194846,0.05463720,0.11236987,0.00717111
0.88421004,0.67128043,0.29832977,0.22116142,0.68307660,0.91953206,0.29913909,0.32155911,0.85424073,0.89337582
0.91403657,0.29315421,0.12031257,0.43999757,0.29576487,0.88386667,0.03663494,0.63388047,0.90618137,0.97667037
0.65013060,0.94992296,0.07565946,0.35927835,0.00871470,0.98118377,0.90272648,0.02805256,0.01813265,0.36696949
0.25853797,0.84693228,0.16048440,0.79064946,0.55445970,0.37739177,0.14571976,0.99769131,0.61798612,0.43938223
0.37112756,0.90572823,0.82119181,0.81118579,0.61619847,0.88795658,0.29927837,0.70370614,0.40444774,0.59999881
0.99815300,0.98452478,0.51261902,0.57386345,0.89732177,0.98563571,0.77860780,0.06518446,0.32263973,0.89656234
0.76835251,0.74223307,0.66792323,0.41526385,0.40324132,0.80893249,0.29378029,0.68483187,0.72620852,0.84455599
0.31988559,0.74188927,0.10648990,0.13806173,0.41733604,0.05522578,0.94769832,0.90189581,0.04893370,0.83831172
0.50887417,0.70196289,0.88693117,0.57697449,0.11632710,0.00257861,0.49692153,0.94923213,0.57262187,0.37293914
0.03092202,0.91497942,0.32715666,0.70477740,0.69423720,0.25388316,0.06377751,0.38500038,0.31713101,0.70025640
0.81978250,0.22244542,0.52823107,0.04060835,0.21425582,0.76176161,0.79339832,0.77640446,0.14238792,0.55103473
0.42270841,0.99148630,0.65406987,0.93520209,0.14535031,0.45087327,0.77160760,0.36785773,0.63250850,0.51170217
0.99192941,0.17387254,0.93534870,0.40157095,0.46799297,0.52860188,0.26536655,0.96365744,0.91148721,0.97290510
0.99691957,0.66980010,0.45168550,0.85073390,0.02380488,0.83440404,0.49728602,0.67322003,0.37404606,0.36862315
0.03171715,0.42378943,0.40835420,0.22479110,0.24732327,0.58413958,0.31777144,0.83025191,0.11138511,0.57764495
0.16004473,0.52824063,0.55254589,0.64229769,0.42742495,0.50947469,0.18095262,0.46301535,0.37303039,0.66613110
0.43482172,0.77934165,0.42599210,0.23577117,0.27368872,0.04528523,0.53991881,0.83088088,0.76911171,0.43778947
0.19612036,0.86348444,0.05678103,0.39922273,0.85661514,0.39317669,0.11787547,0.26594950,0.60002944,0.15203591
0.65493533,0.43816193,0.33438950,0.24092548,0.82332999,0.39667395,0.73847927,0.44035519,0.09186719,0.44050598
0.50768778,0.45784219,0.81624171,0.91085135,0.78677868,0.58278190,0.54144996,0.64461603,0.28783030,0.81184685
0.85684818,0.26721716,0.90281821,0.84873272,0.42448677,0.90900020,0.12043899,0.02798656,0.34786683,0.56543570
0.35144261,0.94206773,0.25471023,0.28121339,0.63482761,0.00386388,0.72755705,0.37746948,0.97774787,0.69141759
0.05221496,0.09262781,0.08816811,0.95262226,0.68405154,0.42760601,0.20048269,0.87363975,0.20155593,0.70667922
0.76332436,0.29465609,0.50491474,0.22298928,0.37892966,0.96513440,0.69313803,0.84661421,0.54059957,0.23903974
0.71287986,0.50056796,0.17684887,0.41242989,0.63484022,0.73533186,0.24322080,0.87599734,0.37955111,0.27113672
0.19512006,0.80417133,0.35416457,0.48339903,0.22281982,0.68609107,0.78103341,0.33942525,0.94507939,0.03061061
0.13294310,0.58878703,0.70140686,0.25068299,0.55407110,0.31838625,0.55408925,0.65932768,0.97280805,0.45569686
0.64821604,0.57803925,0.31755489,0.25306413,0.98787072,0.20685236,0.79027527,0.14658739,0.80435127,0.18572844
0.96715664,0.68598766,0.09011824,0.69317712,0.60362076,0.33754625,0.26073600,0.71876078,0.74136137,0.32720585
0.87622711,0.26882722,0.06986443,0.59986784,0.10707057,0.27666406,0.50718639,0.28635962,0.21499634,0.70318541
0.54699934,0.83976125,0.58123959,0.48344721,0.26125635,0.79206588,0.19687101,0.24222841,0.84158860,0.74119253
0.61287349,0.03892053,0.12725762,0.49995746,0.74633892,0.46410086,0.01729302,0.18427000,0.58876670,0.69421706
0.03342831,0.04333175,0.26131012,0.08350170,0.54194623,0.12370198,0.64821933,0.77722532,0.97051666,0.94840696
0.27336515,0.02940960,0.32941222,0.70848012,0.05980121,0.35971266,0.29803455,0.21934564,0.70613075,0.65909701
0.53549409,0.91077464,0.10313885,0.14968922,0.38344968,0.65588205,0.58407929,0.07404269,0.95842480,0.30506482
0.35897261,0.62362980,0.94516552,0.66268824,0.95477333,0.18759112,0.61880993,0.82887889,0.50902447,0.36217368
0.98475853,0.14098734,0.41092953,0.87337375,0.90048075,0.98038210,0.88484759,0.05095703,0.92976650,0.42816719
0.65161919,0.39427587,0.81366808,0.57591928,0.84554464,0.19377147,0.18498309,0.44037680,0.00475154,0.69285295
0.29605373,0.55729935,0.07000356,0.17064436,0.62285917,0.30566263,0.21472194,0.22884650,0.21481936,0.62285095
0.16769121,0.36270636,0.68788687,0.51367106,0.59728087,0.25090698,0.93271487,0.41387925,0.28696394,0.90432618
0.65528962,0.61394586,0.88673465,0.05854029,0.83767951,0.67786436,0.35999279,0.25635134,0.10480590,0.94107417
0.14191210,0.25943854,0.69110718,0.71015244,0.16076870,0.81413116,0.51028727,0.84845668,0.08728539,0.04283000
0.63699038,0.15002380,0.52494905,0.01410876,0.77992926,0.89953017,0.83888276,0.95835281,0.90309575,0.44401802
0.39834821,0.89618367,0.92693880,0.97283595,0.76831723,0.20198883,0.94495414,0.94714147,0.66613136,0.85728027
0.56117642,0.94412695,0.09393640,0.86396370,0.05550363,0.33910705,0.13532564,0.47913509,0.23224616,0.95207238
0.55932133,0.89773074,0.27805847,0.02597756,0.77565500,0.70237766,0.54549165,0.81534273,0.84008437,0.58790331
0.96592779,0.71971195,0.67687538,0.36142179,0.00225858,0.24094267,0.76392051,0.70987125,0.33102214,0.62558297
0.19528748,0.26362772,0.94740809,0.41318057,0.24498759,0.48710825,0.38701588,0.72952904,0.96211611,0.59173742
0.59114719,0.36483386,0.56463093,0.31932887,0.00109207,0.86609617,0.42944409,0.49208849,0.08350092,0.83711051
0.17033707,0.41062116,0.84026555,0.45778294,0.93115234,0.20931430,0.71523283,0.97799852,0.54961364,0.69218390
0.39322666,0.75133734,0.90887406,0.70305557,0.93592871,0.58865265,0.57713744,0.30462739,0.70962749,0.88195252
0.64631623,0.23303922,0.54410911,0.75593742,0.93936331,0.15659605,0.12749709,0.41294353,0.12561117,0.98042891
0.42430437,0.53361052,0.22708778,0.44912612,0.98469393,0.48868715,0.00882393,0.24252753,0.97845483,0.98906751
0.21049309,0.61526409,0.07690833,0.57744164,0.12592070,0.81866152,0.93957499,0.17298681,0.46271217,0.10204300
0.33914001,0.06509775,0.26454653,0.99022367,0.04460327,0.85896833,0.07745258,0.52899693,0.45211979,0.93155466
0.19904986,0.17968202,0.74871409,0.72571947,0.69918177,0.02612712,0.25995969,0.83989518,0.60085812,0.60219492
0.29591661,0.26017309,0.94655489,0.72775528,0.12686612,0.93770694,0.58237015,0.33336237,0.39713945,0.72540451
0.37627265,0.57874480,0.71049950,0.19537500,0.94424149,0.35617277,0.41937476,0.69851437,0.60878509,0.44011984
0.64974204,0.90282831,0.80028362,0.82425901,0.25840841,0.41940335,0.55381914,0.04419082,0.76979218,0.32346342
0.28259608,0.25929201,0.28337927,0.33801483,0.60482456,0.58356532,0.25571175,0.20642428,0.82635819,0.09272334
0.51282284,0.52056087,0.57413681,0.88565012,0.62391394,0.97363377,0.87135308,0.21474026,0.24118331,0.34477414
0.39151442,0.55299512,0.23251263,0.22234518,0.38138996,0.67202311,0.68812561,0.97611674,0.20241543,0.39285915
0.96467750,0.69000874,0.59227852,0.53964605,0.07551038,0.89337381,0.62550522,0.57166741,0.53950034,0.39191421
0.25466469,0.75532199,0.50956752,0.03393953,0.39909450,0.92860364,0.37389456,0.41323301,0.62396112,0.80167480
0.66846112,0.85005473,0.11397059,0.92459255,0.90392193,0.51914859,0.62474224,0.21281305,0.44794744,0.20270336
0.02197668,0.98090307,0.25914652,0.59310831,0.30025038,0.37062162,0.39776156,0.33504673,0.63739976,0.96093627
0.42863465,0.97332672,0.66779724,0.60713620,0.23710385,0.06292071,0.85193477,0.57398106,0.41441386,0.81196732
0.31058038,0.78361726,0.32796384,0.92088119,0.26796687,0.13755412,0.69809671,0.16284725,0.94936305,0.65555511
0.23086066,0.20881893,0.92387504,0.60785791,0.89373601,0.11022520,0.92539220,0.52004931,0.66842192,0.37287547
0.05914032,0.95797244,0.99459833,0.36454685,0.94386793,0.16772629,0.15468445,0.07311184,0.39126941,0.05230225
0.39465719,0.13839043,0.73052780,0.83336265,0.68781543,0.20049415,0.76684819,0.24950020,0.75948860,0.56739757
0.36671252,0.08349238,0.82750951,0.93965292,0.66591778,0.96454157,0.93411142,0.19460840,0.73121235,0.34930482
0.48751736,0.15696543,0.97477943,0.72613738,0.26690831,0.37147169,0.42248293,0.74753372,0.92569727,0.32144013
0.47250009,0.59320757,0.39334399,0.50418132,0.10570763,0.16767439,0.40110126,0.91493901,0.34935805,0.24979281
0.74286222,0.94913017,0.45912362,0.00860496,0.68814933,0.41506080,0.67364554,0.27771652,0.00240814,0.34449622
0.70479234,0.39311328,0.21917414,0.46400686,0.75234852,0.11943309,0.69175203,0.66734402,0.37073788,0.97033619
0.89470530,0.31616148,0.03109109,0.30830481,0.20472194,0.54725191,0.91874442,0.87033751,0.30582916,0.42859753
0.03654220,0.54416351,0.06336798,0.93860617,0.86693383,0.21418763,0.69936868,0.56802038,0.80135771,0.47565211
0.19177197,0.63984340,0.08028033,0.58458799,0.21270481,0.68493644,0.82804316,0.10952473,0.40026855,0.73352159
0.16370306,0.56652367,0.67183898,0.35479361,0.83198227,0.51065819,0.62699484,0.14087280,0.02316017,0.05074857
0.90392015,0.88264238,0.80759144,0.19961209,0.52545865,0.79611710,0.67466918,0.11552119,0.89554120,0.16068239
0.17179569,0.90100863,0.48461694,0.37289183,0.55365674,0.98139733,0.11963046,0.75694885,0.33432586,0.11704927
0.42193336,0.54875288,0.20596164,0.40526946,0.63567603,0.57644802,0.72316059,0.83640453,0.40914033,0.42296728
0.49669213,0.56635338,0.10832267,0.31263535,0.17189180,0.38585276,0.97335407,0.58273096,0.42938152,0.56593690
0.66907656,0.43495346,0.44770980,0.70140113,0.06086258,0.54008057,0.54732781,0.75675226,0.98264475,0.79575479
0.50378861,0.16945318,0.58826097,0.83429889,0.93241406,0.82531038,0.18896861,0.71257586,0.88015495,0.68101697
0.68575204,0.50016229,0.63697622,0.29438072,0.08881009,0.82771490,0.94314431,0.85682234,0.33391355,0.09353015
0.28013839,0.84283538,0.65581451,0.96669424,0.34268102,0.55147212,0.79003822,0.23399194,0.96408997,0.59239767
0.00789756,0.02515328,0.88221602,0.64528153,0.76307252,0.78401600,0.42045978,0.79861125,0.93753244,0.17217111
0.76413640,0.30779201,0.32149300,0.41275485,0.86371952,0.02205607,0.43392621,0.68004765,0.11041546,0.79225360
0.94190260,0.09093482,0.15294814,0.97409722,0.19785564,0.07893968,0.95219254,0.89262271,0.65572547,0.55143093
0.91923270,0.65552008,0.65839666,0.84368556,0.65324568,0.50367689,0.38972150,0.50313389,0.52247865,0.36083188
0.44811841,0.80187193,0.41651337,0.02555977,0.28301932,0.23174186,0.79358201,0.44929306,0.28031054,0.81070488
0.01921680,0.17425084,0.82695482,0.55065173,0.77364977,0.83817601,0.94196349,0.06342460,0.79923474,0.70876615
0.20702560,0.93170227,0.40420188,0.88761053,0.60511370,0.52674795,0.15952393,0.91432762,0.55666191,0.00609241
0.01828454,0.77763261,0.16193635,0.59873844,0.68108196,0.27936559,0.56931381,0.24025875,0.94631543,0.86017016
0.28804279,0.52881449,0.50063286,0.96002326,0.39402878,0.56222755,0.92870659,0.16281105,0.55048560,0.10567292
0.61749893,0.36568320,0.96763607,0.41540918,0.13618764,0.83399996,0.82086669,0.69485962,0.74881180,0.26471522
0.64205350,0.03801987,0.19689014,0.93227945,0.73923530,0.23067254,0.11138309,0.94891944,0.11218767,0.25707005
0.18263399,0.00746382,0.31413477,0.97417887,0.34190331,0.50430488,0.74593578,0.55108010,0.74359151,0.66163587
0.60856302,0.64964891,0.79916436,0.71019139,0.79177492,0.14559764,0.67767373,0.73702191,0.29996643,0.87457733
0.30471160,0.24383212,0.86709682,0.24701984,0.41550246,0.36792283,0.89806182,0.45523574,0.69430893,0.79403890
0.62790358,0.94369450,0.80250753,0.40020663,0.95081184,0.52457483,0.02257732,0.26001328,0.62172959,0.15681490
0.58406804,0.36159802,0.53438548,0.00187485,0.84842135,0.36192549,0.14015843,0.43791586,0.48617729,0.63740271
0.52456244,0.04352358,0.87151232,0.45650893,0.07698777,0.77282824,0.66015442,0.64943777,0.42691400,0.41049706
0.53633864,0.05059441,0.29895776,0.98789417,0.66219249,0.41893417,0.22236310,0.74520936,0.26029031,0.16237010
0.15451490,0.72926328,0.64281025,0.06980610,0.11504282,0.63384687,0.57111610,0.68599906,0.17803891,0.72658791
0.93609647,0.60105031,0.19613002,0.67954386,0.34308168,0.04928775,0.30233870,0.90558510,0.41113932,0.86466534
0.50865934,0.51697799,0.00521632,0.63710407,0.10781385,0.47874841,0.26031686,0.39238297,0.53707736,0.01446411
0.28458358,0.98961193,0.05739913,0.31939349,0.32142147,0.37938592,0.68478092,0.24774380,0.46026934,0.64486357
0.32232206,0.94877258,0.97967263,0.11967357,0.34381988,0.20797207,0.18678960,0.49097984,0.56382711,0.42565204
0.27255487,0.27862157,0.99212816,0.92367737,0.07589884,0.65655065,0.45687761,0.68881410,0.59696071,0.88925240
0.06698831,0.34959791,0.98549413,0.18228535,0.12733344,0.72897201,0.77743516,0.67227355,0.77619583,0.69372157
0.13577068,0.60822190,0.77687668,0.86551661,0.24623524,0.12743076,0.78109044,0.25654835,0.03192948,0.82521356
0.50599113,0.32663313,0.01142911,0.03532744,0.79262327,0.48970588,0.14972205,0.35850563,0.16530515,0.11288155
0.27630782,0.54950855,0.21000661,0.34367108,0.47793088,0.42002974,0.12862780,0.03886564,0.03545873,0.35017902
0.71880208,0.13125530,0.78698012,0.71567431,0.00394349,0.02674787,0.19503322,0.05612091,0.53134311,0.03962726
0.80264584,0.49296207,0.72795437,0.75070255,0.50676394,0.92536288,0.99024077,0.35921469,0.12586414,0.36323818
0.22335390,0.53100567,0.37838760,0.48044941,0.76318758,0.27402097,0.53747472,0.33516125,0.78496086,0.63953663
0.00850473,0.66005134,0.17016201,0.72447379,0.56733867,0.40148268,0.69406643,0.85659329,0.77874371,0.54537928
0.72269432,0.41391455,0.78902612,0.82905189,0.13729384,0.23803136,0.26998874,0.16608172,0.39253501,0.19303321
0.59553931,0.10161544,0.26991915,0.66552065,0.39854512,0.42146274,0.79792525,0.98451155,0.56506778,0.07906717
0.10290297,0.96850072,0.67923491,0.75246912,0.67576376,0.17961760,0.44836216,0.79808044,0.86636296,0.23733551
0.59596179,0.15710190,0.95827687,0.25220429,0.72663513,0.23111294,0.61605394,0.65926431,0.32842810,0.81883387
0.88537090,0.85506993,0.33079822,0.74434026,0.55949075,0.59262832,0.47742509,0.60026115,0.13565416,0.40884723
0.17767176,0.28010553,0.12781454,0.21249561,0.78192926,0.54983646,0.02364312,0.78852448,0.90946840,0.88042928
0.82301688,0.99221644,0.58640196,0.96258763,0.94884423,0.31323873,0.86343376,0.79247267,0.77579878,0.89628077
0.38419001,0.40005497,0.64005231,0.73780454,0.87973710,0.87584532,0.72133962,0.95689278,0.17862862,0.95033985
0.06419148,0.55562188,0.09019696,0.56800098,0.39010971,0.08160943,0.64811681,0.73119800,0.17418541,0.69443672
0.17904755,0.13739645,0.14736327,0.59907847,0.77879081,0.59689370,0.80935145,0.59147734,0.79732125,0.97652250
0.39095981,0.14994218,0.13539681,0.59747760,0.54710307,0.18423538,0.88210496,0.95674837,0.25321564,0.20688293
0.21392185,0.38742153,0.85322718,0.59596061,0.06755343,0.47297909,0.09033168,0.40621411,0.40352014,0.64835267
0.54945397,0.87475478,0.01627518,0.77399882,0.02265834,0.30428983,0.87966314,0.69041417,0.17199668,0.49078454
0.72190418,0.93734332,0.63432120,0.02467541,0.49970186,0.15296164,0.04777955,0.59851063,0.77692190,0.03606056
0.78358927,0.70638788,0.75198689,0.24472837,0.39359546,0.11975083,0.23889095,0.30278967,0.31943664,0.17503989
0.18871180,0.90147040,0.78389361,0.34447770,0.94764354,0.23892271,0.40682045,0.81352531,0.44288637,0.23462532
0.36853547,0.50072107,0.62064438,0.40560650,0.43130433,0.26394361,0.53534730,0.21945623,0.86752622,0.74736707
0.41027899,0.74722785,0.00699594,0.34448922,0.44030115,0.46979851,0.74873148,0.96280743,0.37999713,0.35059985
0.61051523,0.28125361,0.14135033,0.96154087,0.80952996,0.95849955,0.21783288,0.01780921,0.43726158,0.93360896
0.13832534,0.11718552,0.06895278,0.76501800,0.78592653,0.69537606,0.05329185,0.72328834,0.44862881,0.15789442
0.29512601,0.50114684,0.32965147,0.96974923,0.47474174,0.37215051,0.67316543,0.65054506,0.00243928,0.61847370
0.24376897,0.37523364,0.70634889,0.55738622,0.36865514,0.16741035,0.50548219,0.31936602,0.91292781,0.53434664
0.86596399,0.39018103,0.82743716,0.05653690,0.29811903,0.07817593,0.03165018,0.91886225,0.71686874,0.62511006
0.53249281,0.56955404,0.63869038,0.82657979,0.59688856,0.74858076,0.28097805,0.97676174,0.03189721,0.38657660
0.88204955,0.18052296,0.14133809,0.36543077,0.42819470,0.93339406,0.83611953,0.46408964,0.97297510,0.64227840
0.87365873,0.24605698,0.48896407,0.02971721,0.00888019,0.70545322,0.11829362,0.54780824,0.69600748,0.03223459
0.44874140,0.68415194,0.88973099,0.29923010,0.97421653,0.84454150,0.65063507,0.39192551,0.71111038,0.81619327
0.30329987,0.99283006,0.90861937,0.48550144,0.72282992,0.52400889,0.76093055,0.82698220,0.02322256,0.07913203
0.33646742,0.91761363,0.39827358,0.88751222,0.46243391,0.28885292,0.90064518,0.56067077,0.36048430,0.04440700
0.11093313,0.13931033,0.36483629,0.60733296,0.30759011,0.06552763,0.26480874,0.40868165,0.99226993,0.39298690
0.08919542,0.58111481,0.91964007,0.78669570,0.83621831,0.92823180,0.63654350,0.99492273,0.03328157,0.83483968
0.85701067,0.91670039,0.47816946,0.78775592,0.19508040,0.60313023,0.35864515,0.59617365,0.67556051,0.34706867
0.21623830,0.32168791,0.66395725,0.67687423,0.74131694,0.12653661,0.81851739,0.68814780,0.03050508,0.33559785
0.46671126,0.36061749,0.11741689,0.20734628,0.02456139,0.09307716,0.26630012,0.81997027,0.52663751,0.42449789
0.66216294,0.54151056,0.13151393,0.22262336,0.22252236,0.59995251,0.46162437,0.38758506,0.55663917,0.97011579
0.31419346,0.52019543,0.48037002,0.71664303,0.73029027,0.72907072,0.20151958,0.44909314,0.81117469,0.38153017
0.98425512,0.36478674,0.49766683,0.47452559,0.43366380,0.84563137,0.15527524,0.56766471,0.61860158,0.85122131
0.60920016,0.96002035,0.87216771,0.34873995,0.85990645,0.95847781,0.25719718,0.61020881,0.28180391,0.64956728
0.09364280,0.73418802,0.41981983,0.58730718,0.02586240,0.69544146,0.49599135,0.62525101,0.31566797,0.14582017
0.43542894,0.94397912,0.22779403,0.67583901,0.04984354,0.71809979,0.23843719,0.45151706,0.36775310,0.11284034
0.34558195,0.35012496,0.52210564,0.97235153,0.47001752,0.91442616,0.46155766,0.10754330,0.23015290,0.40751768
0.32536877,0.86582929,0.67864560,0.57830845,0.49122955,0.39727062,0.61219244,0.12460717,0.16253319,0.30311635
0.17118462,0.67709872,0.02476832,0.16017749,0.90260811,0.99754315,0.48759048,0.49537007,0.77339876,0.03618958
0.42702148,0.09982788,0.40092638,0.98382184,0.75363328,0.98504588,0.74604863,0.60811007,0.75422083,0.65909167
0.46406603,0.29254633,0.52017806,0.25849347,0.48667635,0.14613541,0.56539510,0.24528369,0.29360810,0.49902814
0.16252625,0.96237988,0.44694432,0.35227923,0.02919661,0.84325436,0.62583392,0.41640515,0.24553280,0.74513742
0.94547458,0.38080971,0.13487607,0.10919475,0.00636197,0.74395544,0.98139539,0.99281775,0.78419725,0.16218378
0.97770946,0.32781344,0.33361961,0.68733695,0.04904919,0.82576973,0.99729728,0.77506978,0.78167649,0.39031367
0.06592139,0.79266743,0.59715809,0.90933869,0.11596290,0.30512306,0.36065615,0.68327971,0.78774516,0.96102041
0.29540716,0.49363641,0.02896093,0.25298788,0.37400351,0.59380621,0.47084549,0.36447506,0.62407797,0.82861568
0.24168113,0.34287588,0.70492365,0.77794060,0.82539687,0.20933122,0.53926696,0.90001110,0.39195046,0.42988309
0.98482294,0.11305265,0.70560199,0.85018413,0.15079352,0.71445324,0.46973822,0.85289088,0.90745232,0.87248490
0.06438514,0.75685528,0.92152757,0.62134844,0.60087606,0.04500539,0.85603302,0.04640356,0.31350961,0.92586307
0.94974514,0.99190054,0.47640229,0.17742955,0.48794449,0.10231293,0.87253611,0.56053723,0.40450590,0.07953070
0.40524068,0.86619161,0.70340593,0.08245552,0.15990720,0.39230849,0.10137508,0.93404119,0.65229204,0.09482300
0.78805746,0.36840593,0.24487064,0.56998494,0.01337213,0.46539766,0.84380499,0.92805760,0.34255470,0.64243659
0.22682344,0.56021307,0.25402773,0.57135651,0.17172212,0.94123256,0.88691748,0.33691825,0.77666289,0.09550413
0.74036091,0.28245913,0.13564177,0.67819122,0.46980682,0.53013960,0.52052978,0.05944798,0.05138025,0.60116750
0.62386464,0.04717456,0.37843933,0.61285128,0.65668066,0.82827576,0.42073228,0.54825778,0.57856038,0.31204528
0.05382540,0.00422593,0.83612542,0.20023182,0.63025466,0.57704748,0.39963308,0.83349331,0.69840160,0.02274146
0.77669407,0.50699882,0.34701929,0.72688466,0.68606563,0.31058824,0.98303887,0.64870849,0.60577971,0.06988036
0.27931878,0.44697400,0.63062570,0.51276363,0.76303293,0.26256771,0.70215700,0.81659705,0.76504998,0.77084658
0.88850706,0.08417854,0.69719157,0.96867820,0.57365065,0.21731631,0.99875381,0.17467729,0.33555770,0.17206219
0.46451287,0.41887601,0.49124090,0.92798340,0.47832439,0.51462633,0.88668211,0.81775799,0.23972203,0.01292596
0.62949959,0.84484982,0.55285011,0.21117692,0.74135509,0.66953928,0.56503254,0.86333617,0.78424235,0.66795209
0.66475867,0.66220263,0.52516474,0.46392164,0.70960046,0.61049448,0.48998056,0.12666135,0.70192879,0.64599857
0.34224843,0.35632317,0.24672238,0.96191526,0.86020136,0.56104903,0.40165315,0.73682526,0.52772818,0.97585103
0.05512261,0.03428573,0.56861102,0.20327922,0.60430416,0.78142303,0.13810976,0.44060822,0.68866708,0.83386357
0.49634409,0.20615359,0.58579926,0.45451707,0.77192543,0.55557606,0.27942284,0.75439292,0.51774701,0.17754655
0.56307232,0.94832006,0.70551626,0.29880336,0.71087318,0.28260631,0.54268884,0.52659576,0.24739088,0.34788120
0.94218145,0.25059854,0.80102704,0.66737058,0.53262913,0.13751487,0.20457075,0.17897762,0.58679426,0.97338320
0.87723926,0.02525188,0.27372662,0.15725746,0.97567784,0.23561023,0.20131319,0.62087529,0.55618658,0.22585148
0.67036486,0.09700721,0.01936907,0.08241479,0.36486823,0.97501633,0.54724700,0.75472610,0.32149575,0.71933907
0.96618120,0.35776089,0.99905943,0.63840995,0.74859141,0.25216724,0.64309077,0.51100625,0.95640265,0.90467505
0.39667260,0.94686975,0.88481255,0.59038385,0.08211791,0.16079024,0.07687424,0.10799311,0.97695237,0.21216730
0.69085458,0.63652826,0.63114486,0.20670400,0.57934659,0.62553835,0.57040532,0.18616247,0.72306060,0.07324316
0.59120001,0.43625933,0.25028659,0.80738899,0.17589257,0.93298176,0.88456503,0.36058755,0.30515293,0.13748668
0.91632782,0.62753186,0.03178358,0.51099941,0.08579895,0.57375068,0.50896172,0.08284605,0.81586059,0.26231718
0.54148436,0.63903888,0.96230453,0.49381169,0.91731577,0.35485734,0.85743720,0.23582623,0.70747976,0.08861199
0.98605036,0.95393640,0.44221364,0.52393522,0.59777486,0.27503756,0.67447144,0.69856195,0.52507649,0.14774069
0.91918594,0.11504508,0.62917217,0.10308860,0.14610071,0.02053831,0.36336408,0.63958256,0.52154422,0.67453915
0.67501886,0.14017374,0.05733740,0.62535814,0.65322430,0.55670374,0.24576247,0.81076522,0.07568602,0.63231179
0.12041154,0.65444772,0.41772579,0.71810306,0.05219220,0.55508299,0.14487790,0.68238163,0.11995563,0.07358332
0.71312280,0.06353193,0.22453082,0.82473520,0.80968831,0.85412576,0.32609989,0.52804803,0.77334735,0.13698552
0.72439088,0.09748635,0.91325061,0.63731018,0.49330531,0.48472925,0.18136205,0.34591737,0.72712367,0.54094362
0.52930620,0.19524589,0.69036231,0.39203390,0.18275334,0.94378475,0.50679875,0.52803665,0.98137191,0.36640614
0.94302068,0.69492536,0.63309563,0.23441830,0.05175567,0.43778384,0.01017096,0.07100251,0.59532676,0.72447183
0.16794833,0.73250041,0.94972583,0.74317608,0.78471522,0.70071258,0.22473744,0.36088994,0.94926696,0.66121058
0.78902473,0.96869462,0.23143692,0.32168667,0.64480165,0.02435747,0.57121908,0.80868838,0.61044337,0.29539328
0.72410408,0.14603162,0.89477347,0.10091503,0.86349113,0.49780943,0.42864700,0.50066176,0.20020630,0.45768558
0.84971982,0.80095524,0.16304853,0.67342098,0.85683726,0.81976759,0.42563244,0.04809284,0.93116942,0.39588512
0.36097664,0.75951494,0.26397222,0.83474792,0.07605156,0.74071120,0.96578949,0.99576880,0.92380436,0.87076241
0.27888022,0.96664836,0.92789659,0.53437251,0.40207765,0.10926725,0.59063408,0.70054595,0.40399658,0.40602956
0.57331139,0.02778410,0.95786590,0.28990571,0.14089086,0.00548840,0.85689154,0.86320738,0.09530660,0.15224130
0.44790223,0.18570417,0.73582114,0.05803975,0.54970933,0.38279157,0.46494648,0.42475712,0.15315918,0.22028149
0.06480770,0.11528558,0.97789482,0.27978681,0.30702554,0.12710633,0.75516420,0.92414281,0.78975054,0.61261583
0.81323292,0.40423023,0.85949736,0.79851885,0.00172464,0.48779413,0.26461658,0.08623292,0.84619604,0.00794968
0.73016350,0.98819212,0.48201977,0.37124053,0.60583295,0.80469783,0.24025199,0.25070143,0.60717801,0.93987982
0.29843998,0.37675466,0.99333330,0.17622217,0.07696817,0.58975524,0.02426699,0.18043323,0.62220918,0.65951240
0.51042525,0.38374805,0.57619758,0.64338575,0.80348205,0.79275083,0.66480077,0.89423258,0.83802525,0.13324601
0.95667944,0.89174230,0.32092718,0.02018442,0.60397595,0.43841758,0.74956666,0.52459976,0.07649044,0.24468742
0.88252376,0.03768970,0.73666967,0.29194351,0.45263980,0.53100543,0.25008136,0.65196044,0.69344222,0.08505948
0.37392708,0.74437730,0.72163756,0.54460334,0.77767478,0.10764489,0.11821127,0.65748930,0.69333387,0.81452686
0.18103688,0.51677166,0.66083130,0.22369957,0.51692787,0.63844502,0.21444951,0.37556341,0.21633881,0.90294290
0.23679888,0.12083463,0.03515531,0.04495347,0.19158623,0.60820851,0.01764987,0.28674392,0.05816689,0.40365877
0.04857674,0.60754178,0.68842427,0.73133755,0.22434340,0.86850016,0.69028817,0.05665022,0.44076671,0.76775649
0.31089393,0.38155877,0.62960383,0.05548088,0.96693504,0.17448101,0.02667200,0.00532298,0.39955437,0.88425337
0.81976208,0.91204580,0.53378232,0.44874623,0.38586098,0.04641808,0.90952126,0.49617609,0.45506743,0.51516749
0.79415452,0.22447109,0.70990068,0.71076974,0.84955278,0.00868360,0.17039554,0.47104685,0.85054039,0.96511686
0.59486861,0.21213398,0.18458470,0.63944395,0.21006915,0.55308742,0.83481193,0.38981965,0.37847219,0.03614034
0.25408458,0.69819146,0.36039125,0.15829892,0.10576773,0.09505338,0.65913343,0.61262148,0.51852101,0.50032645
0.15313685,0.50060422,0.05993778,0.92585846,0.05802755,0.42353019,0.00057106,0.78615044,0.16617019,0.92491602
0.04397775,0.82078733,0.65663781,0.24973572,0.20241961,0.35767793,0.82840288,0.86195655,0.17528538,0.35344804
0.23749138,0.12264285,0.64644939,0.34587102,0.22538404,0.86599777,0.74831793,0.77376115,0.03919589,0.91513045
0.57473838,0.50380280,0.01058535,0.89766221,0.54389047,0.82515346,0.65551096,0.79669361,0.69293175,0.92096390
0.22548419,0.20210010,0.71254156,0.50139480,0.59916117,0.70854247,0.54742820,0.78769345,0.31886736,0.85899044
0.10767635,0.63400398,0.89013251,0.25269413,0.32683467,0.30544178,0.56426371,0.41287182,0.10795928,0.89128722
0.20467663,0.53408001,0.59480490,0.04075184,0.09571233,0.97168971,0.66451234,0.03356518,0.79419922,0.50854281
0.07519957,0.68075210,0.49935181,0.20491980,0.87770227,0.29137986,0.28455664,0.27277358,0.76745578,0.70611867
0.90314569,0.22933922,0.78636460,0.57304558,0.30867961,0.03545413,0.81894755,0.24107137,0.63174304,0.54886794
0.00444954,0.99434363,0.81432936,0.48647127,0.68034137,0.47659424,0.74458627,0.13432855,0.44635100,0.33553718
0.45965524,0.45047265,0.14309395,0.97648857,0.01549214,0.01007294,0.37344132,0.62037635,0.17965323,0.53319400
0.72277197,0.09406061,0.98442241,0.33670065,0.64241541,0.11071986,0.70948639,0.84045635,0.10528514,0.12586315
0.28104741,0.01193582,0.98605129,0.59838407,0.60758945,0.95896217,0.83202925,0.81424293,0.33950237,0.33486339
0.29173796,0.34669576,0.36950876,0.14000369,0.35594786,0.44674704,0.30934734,0.16534697,0.37341040,0.48090777
0.72072839,0.71123776,0.20269503,0.03665540,0.30379952,0.15713630,0.39578848,0.97934612,0.18107137,0.31887394
0.72511432,0.50918278,0.04392814,0.16169002,0.93524955,0.10316499,0.63509279,0.79232565,0.26543906,0.72507800
0.16989518,0.28475027,0.31182203,0.99643499,0.21457230,0.12920746,0.92569144,0.16193069,0.87927992,0.65045663
0.57686150,0.75133871,0.72599896,0.11052619,0.99946611,0.94188973,0.89659196,0.62228913,0.52279133,0.53627858
0.01493694,0.49946950,0.62376957,0.65870621,0.33213947,0.47128235,0.63631061,0.42830551,0.96213520,0.70544211
0.00127375,0.02327948,0.69030020,0.41264510,0.83947095,0.17301541,0.01382691,0.38808235,0.73606410,0.97172773
0.88365388,0.48407461,0.81281728,0.07033046,0.57227235,0.92429841,0.39638515,0.96010063,0.22068510,0.10563381
0.52476234,0.90724687,0.31127922,0.80016032,0.16919727,0.74557040,0.55702694,0.17501698,0.71808725,0.71375611
0.51543523,0.22546764,0.13229389,0.95725505,0.65581254,0.80924148,0.69697053,0.82947367,0.16249082,0.49695022
0.66712477,0.10338990,0.14995695,0.63398259,0.86870580,0.66041618,0.03620481,0.97043292,0.13950690,0.23256223
0.97496728,0.77103300,0.93657668,0.80661969,0.65173448,0.28455300,0.32688144,0.94727107,0.86062562,0.35949045
0.37326742,0.29769439,0.32613014,0.86066747,0.01050686,0.43605262,0.94283968,0.54263636,0.45044579,0.31236980
0.07391263,0.22448648,0.09045841,0.12669943,0.16351654,0.30202943,0.01101668,0.95014389,0.12381909,0.38314887
0.87952756,0.10656797,0.48360425,0.84478360,0.55696262,0.21034360,0.73550953,0.68134106,0.36218591,0.04629516
0.00786469,0.82539288,0.32155736,0.13776990,0.51855123,0.92083330,0.00848086,0.05614354,0.41704493,0.67596591
0.47610046,0.89754844,0.04408456,0.34014087,0.35134789,0.34012723,0.48768591,0.79057705,0.31788262,0.74448321
0.14646547,0.56072486,0.37508803,0.53921080,0.10774975,0.95346285,0.90621412,0.82639630,0.89278282,0.14668787
0.50372177,0.31790916,0.88738594,0.18943768,0.21994536,0.68671446,0.08889966,0.73236718,0.26812729,0.66093537
0.87303779,0.60961137,0.21268373,0.04916553,0.04461397,0.08881188,0.57981791,0.34821785,0.24310698,0.21930656
0.94858153,0.11881658,0.30481441,0.47147726,0.00044953,0.92095319,0.09909859,0.68247060,0.62886548,0.80906386
0.65138773,0.76938742,0.42124861,0.48870449,0.70166210,0.56842672,0.51153855,0.20555841,0.25810826,0.35849724
0.00928439,0.41736345,0.00276848,0.56501544,0.70402877,0.56214863,0.69351997,0.00001317,0.05944197,0.69846244
0.80290015,0.71770157,0.66301224,0.70738266,0.73958993,0.72437750,0.73800848,0.07401971,0.06327155,0.36111994
0.52759671,0.76261905,0.33470782,0.27511708,0.78144831,0.24933685,0.82084138,0.17713355,0.35947352,0.40107561
