nodos,muestras,tiempo_fuerza_bruta_prom_s,tiempo_geometric_prom_s,speedup_prom_x,speedup_mediana_x,diferencia_phi_prom_abs,diferencia_phi_mediana_abs
5,3,0.787203,0.490917,1.59,1.38,0.000000,0.000000
6,3,4.123092,0.233032,17.91,18.56,0.004117,0.000000
7,3,18.611352,0.615074,36.69,26.92,0.000000,0.000000
8,3,68.951178,0.611596,113.08,110.85,0.124121,0.000000
