nodos,semilla,tiempo_base_s,tiempo_opt_s,speedup_opt_x,phi_base,phi_opt,delta_phi_abs
9,73,1.018927,0.970681,1.05,0.015481,0.015481,0.000000
9,89,2.094179,1.956237,1.07,0.092568,0.092568,0.000000
9,107,0.968309,0.951134,1.02,0.012964,0.031788,0.018824
10,79,3.119663,2.885268,1.08,0.110711,0.110711,0.000000
10,97,1.659388,1.214157,1.37,0.015749,0.015749,0.000000
