nodos,muestras,tiempo_fuerza_bruta_prom_s,tiempo_geometric_prom_s,speedup_prom_x,speedup_mediana_x,diferencia_phi_prom_abs,diferencia_phi_mediana_abs
5,3,0.598636,0.389706,1.54,1.54,0.000000,0.000000
6,3,2.764634,0.199062,13.97,14.23,0.004117,0.000000
7,3,12.639012,0.361539,36.03,38.78,0.000000,0.000000
8,3,56.926783,1.477829,39.79,44.23,0.000000,0.000000
