nodos,semilla,tiempo_fuerza_bruta_s,tiempo_geometric_s,speedup_x,phi_fuerza_bruta,phi_geometric,diferencia_phi_abs
5,11,0.785895,0.035452,22.17,0.000052,0.860879,0.860827
6,13,2.934294,0.052809,55.56,0.268176,0.611280,0.343103
7,17,17.516709,0.144399,121.31,0.045577,0.586476,0.540899
8,19,103.394352,0.787299,131.33,0.090903,0.953525,0.862622
