nodos,muestras,tiempo_fuerza_bruta_prom_s,tiempo_geometric_prom_s,speedup_prom_x,speedup_mediana_x,diferencia_phi_prom_abs,diferencia_phi_mediana_abs
5,3,0.677022,0.426368,1.58,1.50,0.000000,0.000000
6,3,3.005331,0.211780,14.36,14.85,0.004117,0.000000
7,3,15.142228,0.451339,34.05,34.76,0.000000,0.000000
8,3,62.643141,1.342549,46.76,48.82,0.000000,0.000000
