nodos,semilla,tiempo_fuerza_bruta_s,tiempo_geometric_s,speedup_x,phi_fuerza_bruta,phi_geometric,diferencia_phi_abs
5,11,0.731619,0.426432,1.72,0.000052,0.000052,0.000000
6,13,3.024931,0.136748,22.12,0.268176,0.611280,0.343103
7,17,13.375544,0.266245,50.24,0.045577,0.491125,0.445549
8,19,61.355231,0.518945,118.23,0.090903,0.862758,0.771855
