nodos,semilla,tiempo_fuerza_bruta_s,tiempo_geometric_s,speedup_x,phi_fuerza_bruta,phi_geometric,diferencia_phi_abs
5,11,0.715364,0.540960,1.32,0.000052,0.000052,0.000000
6,13,3.096898,0.212900,14.55,0.268176,0.280528,0.012352
7,17,17.457724,0.885225,19.72,0.045577,0.045577,0.000000
8,19,65.127612,0.682444,95.43,0.090903,0.090903,0.000000
